Disease,Symptom
C0020538_hypertensive disease,C0008031_pain chest
C0020538_hypertensive disease,C0392680_shortness of breath
C0020538_hypertensive disease,C0012833_dizziness
C0020538_hypertensive disease,C0004093_asthenia
C0020538_hypertensive disease,C0085639_fall
C0020538_hypertensive disease,C0039070_syncope
C0020538_hypertensive disease,C0042571_vertigo
C0020538_hypertensive disease,C0038990_sweat^C0700590_sweating increased
C0020538_hypertensive disease,C0030252_palpitation
C0020538_hypertensive disease,C0027497_nausea
C0020538_hypertensive disease,C0002962_angina pectoris
C0020538_hypertensive disease,C0438716_pressure chest
C0011847_diabetes,C0032617_polyuria
C0011847_diabetes,C0085602_polydypsia
C0011847_diabetes,C0392680_shortness of breath
C0011847_diabetes,C0008031_pain chest
C0011847_diabetes,C0004093_asthenia
C0011847_diabetes,C0027497_nausea
C0011847_diabetes,C0085619_orthopnea
C0011847_diabetes,C0034642_rale
C0011847_diabetes,C0038990_sweat^C0700590_sweating increased
C0011847_diabetes,C0241526_unresponsiveness
C0011847_diabetes,C0856054_mental status changes
C0011847_diabetes,C0042571_vertigo
C0011847_diabetes,C0042963_vomiting
C0011847_diabetes,C0553668_labored breathing
C0011570_depression mental^C0011581_depressive disorder,C0424000_feeling suicidal
C0011570_depression mental^C0011581_depressive disorder,C0438696_suicidal
C0011570_depression mental^C0011581_depressive disorder,C0233762_hallucinations auditory
C0011570_depression mental^C0011581_depressive disorder,C0150041_feeling hopeless
C0011570_depression mental^C0011581_depressive disorder,C0424109_weepiness
C0011570_depression mental^C0011581_depressive disorder,C0917801_sleeplessness
C0011570_depression mental^C0011581_depressive disorder,C0424230_motor retardation
C0011570_depression mental^C0011581_depressive disorder,C0022107_irritable mood
C0011570_depression mental^C0011581_depressive disorder,C0312422_blackout
C0011570_depression mental^C0011581_depressive disorder,C0344315_mood depressed
C0011570_depression mental^C0011581_depressive disorder,C0233763_hallucinations visual
C0011570_depression mental^C0011581_depressive disorder,C0233481_worry
C0011570_depression mental^C0011581_depressive disorder,C0085631_agitation
C0011570_depression mental^C0011581_depressive disorder,C0040822_tremor
C0011570_depression mental^C0011581_depressive disorder,C0728899_intoxication
C0011570_depression mental^C0011581_depressive disorder,C0424068_verbal auditory hallucinations
C0011570_depression mental^C0011581_depressive disorder,C0455769_energy increased
C0011570_depression mental^C0011581_depressive disorder,C1299586_difficulty
C0011570_depression mental^C0011581_depressive disorder,C0028084_nightmare
C0011570_depression mental^C0011581_depressive disorder,C0235198_unable to concentrate
C0011570_depression mental^C0011581_depressive disorder,C0237154_homelessness
C0010054_coronary arteriosclerosis^C0010068_coronary heart disease,C0008031_pain chest
C0010054_coronary arteriosclerosis^C0010068_coronary heart disease,C0002962_angina pectoris
C0010054_coronary arteriosclerosis^C0010068_coronary heart disease,C0392680_shortness of breath
C0010054_coronary arteriosclerosis^C0010068_coronary heart disease,C0086439_hypokinesia
C0010054_coronary arteriosclerosis^C0010068_coronary heart disease,C0038990_sweat^C0700590_sweating increased
C0010054_coronary arteriosclerosis^C0010068_coronary heart disease,C0438716_pressure chest
C0010054_coronary arteriosclerosis^C0010068_coronary heart disease,C0231807_dyspnea on exertion
C0010054_coronary arteriosclerosis^C0010068_coronary heart disease,C0085619_orthopnea
C0010054_coronary arteriosclerosis^C0010068_coronary heart disease,C0232292_chest tightness
C0032285_pneumonia,C0010200_cough
C0032285_pneumonia,C0015967_fever
C0032285_pneumonia,C0029053_decreased translucency
C0032285_pneumonia,C0392680_shortness of breath
C0032285_pneumonia,C0034642_rale
C0032285_pneumonia,C0239134_productive cough
C0032285_pneumonia,C0008033_pleuritic pain
C0032285_pneumonia,C0457096_yellow sputum
C0032285_pneumonia,C0238844_breath sounds decreased
C0032285_pneumonia,C0085593_chill
C0032285_pneumonia,C0035508_rhonchus
C0032285_pneumonia,C0457097_green sputum
C0032285_pneumonia,C0850149_non-productive cough
C0032285_pneumonia,C0043144_wheezing
C0032285_pneumonia,C0019079_haemoptysis
C0032285_pneumonia,C0476273_distress respiratory
C0032285_pneumonia,C0231835_tachypnea
C0032285_pneumonia,C0231218_malaise
C0032285_pneumonia,C0028081_night sweat
C0018802_failure heart congestive,C0392680_shortness of breath
C0018802_failure heart congestive,C0085619_orthopnea
C0018802_failure heart congestive,C0240100_jugular venous distention
C0018802_failure heart congestive,C0034642_rale
C0018802_failure heart congestive,C0013404_dyspnea
C0018802_failure heart congestive,C0010200_cough
C0018802_failure heart congestive,C0043144_wheezing
C0038454_accident cerebrovascular,C0013362_dysarthria
C0038454_accident cerebrovascular,C0004093_asthenia
C0038454_accident cerebrovascular,C0234518_speech slurred
C0038454_accident cerebrovascular,C0427055_facial paresis
C0038454_accident cerebrovascular,C0018991_hemiplegia
C0038454_accident cerebrovascular,C0241526_unresponsiveness
C0038454_accident cerebrovascular,C0036572_seizure
C0038454_accident cerebrovascular,C0028643_numbness
C0004096_asthma,C0043144_wheezing
C0004096_asthma,C0010200_cough
C0004096_asthma,C0392680_shortness of breath
C0004096_asthma,C0232292_chest tightness
C0004096_asthma,C0850149_non-productive cough
C0004096_asthma,C0008033_pleuritic pain
C0004096_asthma,C0239134_productive cough
C0004096_asthma,C0436331_symptom aggravating factors
C0004096_asthma,C0476273_distress respiratory
C0027051_myocardial infarction,C0008031_pain chest
C0027051_myocardial infarction,C0520886_st segment elevation
C0027051_myocardial infarction,C0038990_sweat^C0700590_sweating increased
C0027051_myocardial infarction,C0392680_shortness of breath
C0027051_myocardial infarction,C0520887_st segment depression
C0027051_myocardial infarction,C0086439_hypokinesia
C0027051_myocardial infarction,C0002962_angina pectoris
C0027051_myocardial infarction,C0438716_pressure chest
C0027051_myocardial infarction,C0520888_t wave inverted
C0027051_myocardial infarction,C0085619_orthopnea
C0027051_myocardial infarction,C0034642_rale
C0027051_myocardial infarction,C0232292_chest tightness
C0027051_myocardial infarction,C1305739_presence of q wave
C0027051_myocardial infarction,C0030252_palpitation
C0027051_myocardial infarction,C0013404_dyspnea
C0027051_myocardial infarction,C0235710_chest discomfort
C0027051_myocardial infarction,C0428977_bradycardia
C0027051_myocardial infarction,C0039070_syncope
C0020443_hypercholesterolemia,C0030193_pain
C0020443_hypercholesterolemia,C0008031_pain chest
C0020443_hypercholesterolemia,C0038990_sweat^C0700590_sweating increased
C0020443_hypercholesterolemia,C0337672_nonsmoker
C0020443_hypercholesterolemia,C0438716_pressure chest
C0020443_hypercholesterolemia,C0039070_syncope
C0020443_hypercholesterolemia,C0028643_numbness
C0020443_hypercholesterolemia,C0235710_chest discomfort
C0020443_hypercholesterolemia,C0392680_shortness of breath
C0020443_hypercholesterolemia,C0520887_st segment depression
C0020443_hypercholesterolemia,C0233481_worry
C0020443_hypercholesterolemia,C0520888_t wave inverted
C0020443_hypercholesterolemia,C0428977_bradycardia
C0020443_hypercholesterolemia,C0013404_dyspnea
C0021311_infection,C0015967_fever
C0021311_infection,C0041834_erythema
C0021311_infection,C0029053_decreased translucency
C0021311_infection,C0019214_hepatosplenomegaly
C0021311_infection,C0085593_chill
C0021311_infection,C0033774_pruritus
C0021311_infection,C0011991_diarrhea
C0021311_infection,C0549483_abscess bacterial
C0021311_infection,C0038999_swelling
C0021311_infection,C0030193_pain
C0021311_infection,C0277797_apyrexial
C0021311_infection,C0010200_cough
C0042029_infection urinary tract,C0015967_fever
C0042029_infection urinary tract,C0013428_dysuria
C0042029_infection urinary tract,C0018965_hematuria
C0042029_infection urinary tract,C0235634_renal angle tenderness
C0042029_infection urinary tract,C0023380_lethargy
C0042029_infection urinary tract,C0004093_asthenia
C0042029_infection urinary tract,C0020625_hyponatremia
C0042029_infection urinary tract,C0578150_hemodynamically stable
C0042029_infection urinary tract,C0476273_distress respiratory
C0042029_infection urinary tract,C0241705_difficulty passing urine
C0042029_infection urinary tract,C0856054_mental status changes
C0042029_infection urinary tract,C0239110_consciousness clear
C0002871_anemia,C0085593_chill
C0002871_anemia,C0744492_guaiac positive
C0002871_anemia,C0746619_monoclonal
C0002871_anemia,C0013491_ecchymosis
C0002871_anemia,C1269955_tumor cell invasion
C0002871_anemia,C0019080_haemorrhage
C0002871_anemia,C0030232_pallor
C0002871_anemia,C0004093_asthenia
C0002871_anemia,C0015672_fatigue
C0002871_anemia,C0744740_heme positive
C0002871_anemia,C0004604_pain back
C0002871_anemia,C0149746_orthostasis
C0002871_anemia,C0020625_hyponatremia
C0002871_anemia,C0012833_dizziness
C0002871_anemia,C0392680_shortness of breath
C0002871_anemia,C0030193_pain
C0002871_anemia,C0035508_rhonchus
C0002871_anemia,C0003862_arthralgia
C0002871_anemia,C0038999_swelling
C0002871_anemia,C1096646_transaminitis
C0024117_chronic obstructive airway disease,C0392680_shortness of breath
C0024117_chronic obstructive airway disease,C0043144_wheezing
C0024117_chronic obstructive airway disease,C0010200_cough
C0024117_chronic obstructive airway disease,C0013404_dyspnea
C0024117_chronic obstructive airway disease,C0476273_distress respiratory
C0024117_chronic obstructive airway disease,C0241235_sputum purulent
C0024117_chronic obstructive airway disease,C0700292_hypoxemia
C0024117_chronic obstructive airway disease,C0020440_hypercapnia
C0024117_chronic obstructive airway disease,C0376405_patient non compliance
C0024117_chronic obstructive airway disease,C0232292_chest tightness
C0497327_dementia,C0015967_fever
C0497327_dementia,C0085639_fall
C0497327_dementia,C0241526_unresponsiveness
C0497327_dementia,C0023380_lethargy
C0497327_dementia,C0085631_agitation
C0497327_dementia,C0013491_ecchymosis
C0497327_dementia,C0039070_syncope
C0497327_dementia,C0034642_rale
C0497327_dementia,C0041657_unconscious state
C0497327_dementia,C0010200_cough
C0497327_dementia,C0425251_bedridden^C0741453_bedridden
C0497327_dementia,C0030193_pain
C0497327_dementia,C0427055_facial paresis
C0497327_dementia,C0232498_abdominal tenderness
C0497327_dementia,C0035508_rhonchus
C0497327_dementia,C1273573_unsteady gait
C0497327_dementia,C0233762_hallucinations auditory
C1565489_insufficiency renal,C0392680_shortness of breath
C1565489_insufficiency renal,C0020461_hyperkalemia
C1565489_insufficiency renal,C0085619_orthopnea
C1565489_insufficiency renal,C0034642_rale
C1565489_insufficiency renal,C0085606_urgency of micturition
C1565489_insufficiency renal,C0003962_ascites
C1565489_insufficiency renal,C0744492_guaiac positive
C1565489_insufficiency renal,C0004093_asthenia
C1565489_insufficiency renal,C0277797_apyrexial
C1565489_insufficiency renal,C0856054_mental status changes
C1565489_insufficiency renal,C0013404_dyspnea
C1565489_insufficiency renal,C1299586_difficulty
C1565489_insufficiency renal,C0011991_diarrhea
C1565489_insufficiency renal,C0020649_hypotension
C1565489_insufficiency renal,C0238844_breath sounds decreased
C1565489_insufficiency renal,C0038999_swelling
C1565489_insufficiency renal,C0086439_hypokinesia
C0009676_confusion,C0036572_seizure
C0009676_confusion,C0014394_enuresis
C0009676_confusion,C0023380_lethargy
C0009676_confusion,C0234518_speech slurred
C0009676_confusion,C0085639_fall
C0009676_confusion,C0239110_consciousness clear
C0009676_confusion,C0856054_mental status changes
C0009676_confusion,C0232766_asterixis
C0009676_confusion,C0041657_unconscious state
C0009676_confusion,C0085631_agitation
C0009676_confusion,C0231530_muscle twitch
C0009676_confusion,C0004093_asthenia
C0009676_confusion,C0234450_sleepy
C0009676_confusion,C0012833_dizziness
C0009676_confusion,C0018681_headache
C0009676_confusion,C0013362_dysarthria
C0009676_confusion,C0220870_lightheadedness
C0009676_confusion,C0040822_tremor
C0009676_confusion,C0020625_hyponatremia
C0009676_confusion,C0241526_unresponsiveness
C0029408_degenerative polyarthritis,C0030193_pain
C0029408_degenerative polyarthritis,C0149696_food intolerance
C0029408_degenerative polyarthritis,C0239832_numbness of hand
C0029408_degenerative polyarthritis,C0858924_general discomfort
C0029408_degenerative polyarthritis,C0013144_drowsiness
C0029408_degenerative polyarthritis,C0004093_asthenia
C0029408_degenerative polyarthritis,C0337672_nonsmoker
C0029408_degenerative polyarthritis,C0850149_non-productive cough
C0029408_degenerative polyarthritis,C0085602_polydypsia
C0029408_degenerative polyarthritis,C0427008_stiffness
C0029408_degenerative polyarthritis,C1273573_unsteady gait
C0020676_hypothyroidism,C0392680_shortness of breath
C0020676_hypothyroidism,C0242453_prostatism
C0020676_hypothyroidism,C0013144_drowsiness^C0234450_sleepy
C0020676_hypothyroidism,C0020625_hyponatremia
C0020676_hypothyroidism,C0085639_fall
C0020676_hypothyroidism,C1273573_unsteady gait
C0020676_hypothyroidism,C0032617_polyuria
C0020676_hypothyroidism,C0020649_hypotension
C0020676_hypothyroidism,C1299586_difficulty
C0020676_hypothyroidism,C0039070_syncope
C0020676_hypothyroidism,C0028084_nightmare
C0020676_hypothyroidism,C0234518_speech slurred
C0020676_hypothyroidism,C0043094_weight gain
C0020676_hypothyroidism,C0004093_asthenia
C0020676_hypothyroidism,C0015672_fatigue^C0557875_tired
C0020676_hypothyroidism,C0085631_agitation
C0020676_hypothyroidism,C0856054_mental status changes
C0020676_hypothyroidism,C0424230_motor retardation
C0020676_hypothyroidism,C0042963_vomiting
C0020676_hypothyroidism,C0028643_numbness
C0020676_hypothyroidism,C0577559_mass of body structure
C0700613_anxiety state,C0233481_worry
C0700613_anxiety state,C0424000_feeling suicidal
C0700613_anxiety state,C0438696_suicidal
C0700613_anxiety state,C0917801_sleeplessness
C0700613_anxiety state,C0150041_feeling hopeless
C0700613_anxiety state,C0022107_irritable mood
C0700613_anxiety state,C0040822_tremor
C0700613_anxiety state,C0312422_blackout
C0700613_anxiety state,C0424109_weepiness
C0700613_anxiety state,C0557075_has religious belief
C0700613_anxiety state,C0027769_nervousness
C0700613_anxiety state,C0233763_hallucinations visual
C0700613_anxiety state,C0016579_formication
C0700613_anxiety state,C1299586_difficulty
C0700613_anxiety state,C0008031_pain chest
C0700613_anxiety state,C0376405_patient non compliance
C0700613_anxiety state,C0085631_agitation
C0700613_anxiety state,C0030252_palpitation
C0700613_anxiety state,C0233762_hallucinations auditory
C0700613_anxiety state,C0344315_mood depressed
C0700613_anxiety state,C0600142_hot flush
C0700613_anxiety state,C0030193_pain
C0700613_anxiety state,C0239110_consciousness clear
C0700613_anxiety state,C0028084_nightmare
C0006826_malignant neoplasms^C1306459_primary malignant neoplasm,C0030193_pain
C0006826_malignant neoplasms^C1306459_primary malignant neoplasm,C0577559_mass of body structure
C0006826_malignant neoplasms^C1306459_primary malignant neoplasm,C0221198_lesion
C0006826_malignant neoplasms^C1306459_primary malignant neoplasm,C0332601_cushingoid facies^C0878661_cushingoid habitus
C0006826_malignant neoplasms^C1306459_primary malignant neoplasm,C0743482_emphysematous change
C0006826_malignant neoplasms^C1306459_primary malignant neoplasm,C0043096_decreased body weight
C0006826_malignant neoplasms^C1306459_primary malignant neoplasm,C0003962_ascites
C0006826_malignant neoplasms^C1306459_primary malignant neoplasm,C0019825_hoarseness
C0006826_malignant neoplasms^C1306459_primary malignant neoplasm,C0205400_thicken
C0006826_malignant neoplasms^C1306459_primary malignant neoplasm,C0018965_hematuria
C0001175_acquired immuno-deficiency syndrome^C0019682_HIV^C0019693_hiv infections,C0015967_fever
C0001175_acquired immuno-deficiency syndrome^C0019682_HIV^C0019693_hiv infections,C0028081_night sweat
C0001175_acquired immuno-deficiency syndrome^C0019682_HIV^C0019693_hiv infections,C0233308_spontaneous rupture of membranes
C0001175_acquired immuno-deficiency syndrome^C0019682_HIV^C0019693_hiv infections,C0010200_cough
C0001175_acquired immuno-deficiency syndrome^C0019682_HIV^C0019693_hiv infections,C0032739_
C0001175_acquired immuno-deficiency syndrome^C0019682_HIV^C0019693_hiv infections,C0043096_decreased body weight
C0001175_acquired immuno-deficiency syndrome^C0019682_HIV^C0019693_hiv infections,C0085593_chill
C0001175_acquired immuno-deficiency syndrome^C0019682_HIV^C0019693_hiv infections,C0011991_diarrhea
C0001175_acquired immuno-deficiency syndrome^C0019682_HIV^C0019693_hiv infections,C0008033_pleuritic pain
C0001175_acquired immuno-deficiency syndrome^C0019682_HIV^C0019693_hiv infections,C0376405_patient non compliance
C0001175_acquired immuno-deficiency syndrome^C0019682_HIV^C0019693_hiv infections,C0231835_tachypnea
C0001175_acquired immuno-deficiency syndrome^C0019682_HIV^C0019693_hiv infections,C0239134_productive cough
C0001175_acquired immuno-deficiency syndrome^C0019682_HIV^C0019693_hiv infections,C0026827_muscle hypotonia^C0241938_hypotonic
C0001175_acquired immuno-deficiency syndrome^C0019682_HIV^C0019693_hiv infections,C0424000_feeling suicidal
C0007642_cellulitis,C0041834_erythema
C0007642_cellulitis,C0030193_pain
C0007642_cellulitis,C0038999_swelling
C0007642_cellulitis,C0332575_redness
C0007642_cellulitis,C0015967_fever
C0007642_cellulitis,C0549483_abscess bacterial
C0007642_cellulitis,C0376405_patient non compliance
C0007642_cellulitis,C0020580_hypesthesia
C0007642_cellulitis,C0034880_hyperacusis
C0007642_cellulitis,C0033774_pruritus
C0007642_cellulitis,C0008031_pain chest
C0007642_cellulitis,C1384489_scratch marks
C0007642_cellulitis,C0085593_chill
C0007642_cellulitis,C0234233_sore to touch
C0017168_gastroesophageal reflux disease,C0030193_pain
C0017168_gastroesophageal reflux disease,C0008031_pain chest
C0017168_gastroesophageal reflux disease,C0085624_burning sensation
C0017168_gastroesophageal reflux disease,C0020625_hyponatremia
C0017168_gastroesophageal reflux disease,C0239233_satiety early
C0017168_gastroesophageal reflux disease,C1444773_throbbing sensation quality
C0017168_gastroesophageal reflux disease,C0232292_chest tightness
C0017168_gastroesophageal reflux disease,C0234215_sensory discomfort
C0017168_gastroesophageal reflux disease,C1305739_presence of q wave
C0017168_gastroesophageal reflux disease,C0027497_nausea
C0017168_gastroesophageal reflux disease,C0858924_general discomfort
C0017168_gastroesophageal reflux disease,C0009806_constipation
C0017168_gastroesophageal reflux disease,C0030252_palpitation
C0017168_gastroesophageal reflux disease,C0000737_pain abdominal
C0017168_gastroesophageal reflux disease,C0018834_heartburn
C0017168_gastroesophageal reflux disease,C0038990_sweat^C0700590_sweating increased
C0017168_gastroesophageal reflux disease,C0004093_asthenia
C0036690_septicemia^C0243026_systemic infection^C1090821_sepsis (invertebrate),C0015967_fever
C0036690_septicemia^C0243026_systemic infection^C1090821_sepsis (invertebrate),C0476273_distress respiratory
C0036690_septicemia^C0243026_systemic infection^C1090821_sepsis (invertebrate),C0020649_hypotension
C0036690_septicemia^C0243026_systemic infection^C1090821_sepsis (invertebrate),C0231835_tachypnea
C0036690_septicemia^C0243026_systemic infection^C1090821_sepsis (invertebrate),C0085593_chill
C0036690_septicemia^C0243026_systemic infection^C1090821_sepsis (invertebrate),C0023380_lethargy
C0036690_septicemia^C0243026_systemic infection^C1090821_sepsis (invertebrate),C0428977_bradycardia
C0036690_septicemia^C0243026_systemic infection^C1090821_sepsis (invertebrate),C0006157_breech presentation
C0036690_septicemia^C0243026_systemic infection^C1090821_sepsis (invertebrate),C0010520_cyanosis
C0036690_septicemia^C0243026_systemic infection^C1090821_sepsis (invertebrate),C0233308_spontaneous rupture of membranes
C0036690_septicemia^C0243026_systemic infection^C1090821_sepsis (invertebrate),C0019080_haemorrhage
C0036690_septicemia^C0243026_systemic infection^C1090821_sepsis (invertebrate),C0241526_unresponsiveness
C0036690_septicemia^C0243026_systemic infection^C1090821_sepsis (invertebrate),C0034642_rale
C0036690_septicemia^C0243026_systemic infection^C1090821_sepsis (invertebrate),C0277797_apyrexial
C0149871_deep vein thrombosis,C0038999_swelling
C0149871_deep vein thrombosis,C0030193_pain
C0149871_deep vein thrombosis,C0013491_ecchymosis
C0149871_deep vein thrombosis,C0392680_shortness of breath
C0149871_deep vein thrombosis,C0023222_pain in lower limb
C0149871_deep vein thrombosis,C0018800_cardiomegaly
C0149871_deep vein thrombosis,C0034642_rale
C0149871_deep vein thrombosis,C0041834_erythema
C0149871_deep vein thrombosis,C0020649_hypotension
C0149871_deep vein thrombosis,C0009024_clonus
C0149871_deep vein thrombosis,C0850149_non-productive cough
C0149871_deep vein thrombosis,C0332575_redness
C0011175_dehydration,C0015967_fever
C0011175_dehydration,C0011991_diarrhea
C0011175_dehydration,C0042963_vomiting
C0011175_dehydration,C0020649_hypotension
C0011175_dehydration,C0027497_nausea
C0011175_dehydration,C0220870_lightheadedness
C0011175_dehydration,C0857256_unwell
C0011175_dehydration,C0856054_mental status changes
C0011175_dehydration,C0003123_anorexia
C0011175_dehydration,C0004093_asthenia
C0011175_dehydration,C0234215_sensory discomfort
C0011175_dehydration,C0039070_syncope
C0011175_dehydration,C0023380_lethargy
C0011175_dehydration,C0012833_dizziness
C0011175_dehydration,C0039070_syncope^C0312422_blackout^C0424533_history of - blackout
C0027651_neoplasm,C0577559_mass of body structure
C0027651_neoplasm,C0221198_lesion
C0027651_neoplasm,C0008031_pain chest
C0027651_neoplasm,C0018965_hematuria
C0027651_neoplasm,C1269955_tumor cell invasion
C0027651_neoplasm,C0030193_pain
C0027651_neoplasm,C0003126_anosmia
C0027651_neoplasm,C0205400_thicken
C0027651_neoplasm,C1513183_metastatic lesion
C0027651_neoplasm,C0149696_food intolerance
C0027651_neoplasm,C0043096_decreased body weight
C0027651_neoplasm,C0028081_night sweat
C0027651_neoplasm,C0271202_hemianopsia homonymous
C0027651_neoplasm,C0239233_satiety early
C0027651_neoplasm,C0000737_pain abdominal
C0027651_neoplasm,C0018681_headache
C0034065_embolism pulmonary,C0392680_shortness of breath
C0034065_embolism pulmonary,C0700292_hypoxemia
C0034065_embolism pulmonary,C0231835_tachypnea
C0034065_embolism pulmonary,C0744727_hematocrit decreased
C0034065_embolism pulmonary,C0008031_pain chest
C0034065_embolism pulmonary,C0013404_dyspnea
C0034065_embolism pulmonary,C0008033_pleuritic pain
C0034065_embolism pulmonary,C0151315_neck stiffness
C0034065_embolism pulmonary,C0457096_yellow sputum
C0034065_embolism pulmonary,C0239134_productive cough
C0034065_embolism pulmonary,C0008767_cicatrisation
C0034065_embolism pulmonary,C0241526_unresponsiveness
C0034065_embolism pulmonary,C0476273_distress respiratory
C0034065_embolism pulmonary,C0043144_wheezing
C0034065_embolism pulmonary,C0277797_apyrexial
C0034065_embolism pulmonary,C0850149_non-productive cough
C0014544_epilepsy,C0036572_seizure
C0014544_epilepsy,C0347938_hypometabolism
C0014544_epilepsy,C0236018_aura
C0014544_epilepsy,C0231530_muscle twitch
C0014544_epilepsy,C0013144_drowsiness
C0014544_epilepsy,C0040822_tremor
C0014544_epilepsy,C0241526_unresponsiveness
C0014544_epilepsy,C0018991_hemiplegia
C0014544_epilepsy,C0027066_myoclonus
C0014544_epilepsy,C0232517_gurgle
C0014544_epilepsy,C0234450_sleepy
C0014544_epilepsy,C0023380_lethargy
C0014544_epilepsy,C0558195_wheelchair bound
C0878544_cardiomyopathy,C0392680_shortness of breath
C0878544_cardiomyopathy,C0085619_orthopnea
C0878544_cardiomyopathy,C0086439_hypokinesia
C0878544_cardiomyopathy,C0240100_jugular venous distention
C0878544_cardiomyopathy,C0030252_palpitation
C0878544_cardiomyopathy,C0008031_pain chest
C0878544_cardiomyopathy,C0039070_syncope
C0878544_cardiomyopathy,C0457096_yellow sputum
C0878544_cardiomyopathy,C0034642_rale
C0878544_cardiomyopathy,C0013404_dyspnea
C0878544_cardiomyopathy,C0231807_dyspnea on exertion
C0878544_cardiomyopathy,C0238705_left atrial hypertrophy
C0878544_cardiomyopathy,C0015672_fatigue
C0878544_cardiomyopathy,C0043094_weight gain
C0878544_cardiomyopathy,C0376405_patient non compliance
C0022661_chronic kidney failure,C0042963_vomiting
C0022661_chronic kidney failure,C0085619_orthopnea
C0022661_chronic kidney failure,C0020461_hyperkalemia
C0022661_chronic kidney failure,C0028961_oliguria
C0022661_chronic kidney failure,C0240100_jugular venous distention
C0022661_chronic kidney failure,C0027497_nausea
C0022661_chronic kidney failure,C0392680_shortness of breath
C0022661_chronic kidney failure,C0856054_mental status changes
C0022661_chronic kidney failure,C0011991_diarrhea
C0022661_chronic kidney failure,C0004093_asthenia
C0022661_chronic kidney failure,C0232292_chest tightness
C0022661_chronic kidney failure,C0231218_malaise
C0022661_chronic kidney failure,C0085593_chill
C0022661_chronic kidney failure,C0034642_rale
C0022661_chronic kidney failure,C0015967_fever
C0022661_chronic kidney failure,C0008033_pleuritic pain
C0022661_chronic kidney failure,C0277797_apyrexial
C0022661_chronic kidney failure,C0744492_guaiac positive
C0022661_chronic kidney failure,C0038999_swelling
C0022661_chronic kidney failure,C0007398_catatonia
C0022661_chronic kidney failure,C0241526_unresponsiveness
C0022661_chronic kidney failure,C0457096_yellow sputum
C0007097_carcinoma,C0577559_mass of body structure
C0007097_carcinoma,C0030193_pain
C0007097_carcinoma,C0221198_lesion
C0007097_carcinoma,C1269955_tumor cell invasion
C0007097_carcinoma,C0205400_thicken
C0007097_carcinoma,C0043096_decreased body weight
C0007097_carcinoma,C0019825_hoarseness
C0007097_carcinoma,C0858924_general discomfort
C0007097_carcinoma,C1513183_metastatic lesion
C0007097_carcinoma,C0850149_non-productive cough
C0007097_carcinoma,C0009806_constipation
C0007097_carcinoma,C0847488_unhappy
C0007097_carcinoma,C0030554_paresthesia
C0007097_carcinoma,C0232995_gravida 0
C0007097_carcinoma,C0011991_diarrhea
C0007097_carcinoma,C0234233_sore to touch
C0007097_carcinoma,C0018834_heartburn
C0007097_carcinoma,C0027497_nausea
C0007097_carcinoma,C0034079_lung nodule
C0019196_hepatitis C,C0003962_ascites
C0019196_hepatitis C,C0000731_distended abdomen
C0019196_hepatitis C,C0424000_feeling suicidal
C0019196_hepatitis C,C0010200_cough
C0019196_hepatitis C,C0234238_ache
C0019196_hepatitis C,C0558143_macerated skin
C0019196_hepatitis C,C0581912_heavy feeling
C0019196_hepatitis C,C0233762_hallucinations auditory
C0019196_hepatitis C,C0085593_chill
C0019196_hepatitis C,C0232766_asterixis
C0019196_hepatitis C,C0376405_patient non compliance
C0085096_peripheral vascular disease,C0392680_shortness of breath
C0085096_peripheral vascular disease,C0234253_rest pain
C0085096_peripheral vascular disease,C0002962_angina pectoris
C0085096_peripheral vascular disease,C0241526_unresponsiveness
C0085096_peripheral vascular disease,C0020461_hyperkalemia
C0085096_peripheral vascular disease,C0232201_sinus rhythm
C0085096_peripheral vascular disease,C0553668_labored breathing
C0085096_peripheral vascular disease,C0013404_dyspnea
C0085096_peripheral vascular disease,C0234233_sore to touch
C0085096_peripheral vascular disease,C0003123_anorexia
C0085096_peripheral vascular disease,C0234450_sleepy
C0033975_psychotic disorder,C0438696_suicidal
C0033975_psychotic disorder,C0233762_hallucinations auditory
C0033975_psychotic disorder,C0424000_feeling suicidal
C0033975_psychotic disorder,C0233763_hallucinations visual
C0033975_psychotic disorder,C0424230_motor retardation
C0033975_psychotic disorder,C0312422_blackout
C0033975_psychotic disorder,C0424068_verbal auditory hallucinations
C0033975_psychotic disorder,C0150041_feeling hopeless
C0033975_psychotic disorder,C0022107_irritable mood
C0033975_psychotic disorder,C0085631_agitation
C0033975_psychotic disorder,C0040822_tremor
C0033975_psychotic disorder,C0007398_catatonia
C0033975_psychotic disorder,C0424109_weepiness
C0033975_psychotic disorder,C0237154_homelessness
C0033975_psychotic disorder,C0917801_sleeplessness
C0033975_psychotic disorder,C0424092_withdraw
C0033975_psychotic disorder,C0455769_energy increased
C0033975_psychotic disorder,C0728899_intoxication
C0033975_psychotic disorder,C0233481_worry
C0033975_psychotic disorder,C0424295_behavior hyperactive
C0033975_psychotic disorder,C0376405_patient non compliance
C0033975_psychotic disorder,C0344315_mood depressed
C0033975_psychotic disorder,C0558261_terrify
C0033975_psychotic disorder,C0028084_nightmare
C0033975_psychotic disorder,C0239110_consciousness clear
C0020473_hyperlipidemia,C0008031_pain chest
C0020473_hyperlipidemia,C0002962_angina pectoris
C0020473_hyperlipidemia,C0030252_palpitation
C0020473_hyperlipidemia,C1305739_presence of q wave
C0020473_hyperlipidemia,C0085635_photopsia
C0020473_hyperlipidemia,C0038990_sweat^C0700590_sweating increased
C0020473_hyperlipidemia,C0235710_chest discomfort
C0020473_hyperlipidemia,C0392680_shortness of breath
C0020473_hyperlipidemia,C0392701_giddy mood
C0020473_hyperlipidemia,C0086439_hypokinesia
C0020473_hyperlipidemia,C0018991_hemiplegia
C0020473_hyperlipidemia,C0012833_dizziness
C0005586_bipolar disorder,C0424000_feeling suicidal
C0005586_bipolar disorder,C0455769_energy increased
C0005586_bipolar disorder,C0438696_suicidal
C0005586_bipolar disorder,C0022107_irritable mood
C0005586_bipolar disorder,C0085631_agitation
C0005586_bipolar disorder,C0557075_has religious belief
C0005586_bipolar disorder,C0578859_disturbed family
C0005586_bipolar disorder,C0233762_hallucinations auditory
C0005586_bipolar disorder,C0424068_verbal auditory hallucinations
C0005586_bipolar disorder,C0424109_weepiness
C0005586_bipolar disorder,C0424295_behavior hyperactive
C0005586_bipolar disorder,C0007398_catatonia
C0005586_bipolar disorder,C0150041_feeling hopeless
C0005586_bipolar disorder,C0233481_worry
C0005586_bipolar disorder,C0917801_sleeplessness
C0005586_bipolar disorder,C0917799_hypersomnia
C0005586_bipolar disorder,C1299586_difficulty
C0005586_bipolar disorder,C0233763_hallucinations visual
C0005586_bipolar disorder,C0020458_hyperhidrosis disorder
C0005586_bipolar disorder,C0026961_mydriasis
C0005586_bipolar disorder,C0234133_extrapyramidal sign
C0005586_bipolar disorder,C0240233_loose associations
C0005586_bipolar disorder,C0728899_intoxication
C0005586_bipolar disorder,C0424230_motor retardation
C0005586_bipolar disorder,C0237154_homelessness
C0005586_bipolar disorder,C0312422_blackout
C0005586_bipolar disorder,C0040822_tremor
C0005586_bipolar disorder,C0392674_exhaustion
C0028754_obesity,C0030193_pain
C0028754_obesity,C0007398_catatonia
C0028754_obesity,C0037384_snore
C0028754_obesity,C0008031_pain chest
C0028754_obesity,C0429091_r wave feature
C0028754_obesity,C0557075_has religious belief
C0028754_obesity,C0392680_shortness of breath
C0028754_obesity,C0015672_fatigue^C0557875_tired
C0028754_obesity,C0497406_overweight
C0028754_obesity,C0232257_systolic murmur
C0028754_obesity,C0344315_mood depressed
C0028754_obesity,C0013491_ecchymosis
C0022116_ischemia,C0013144_drowsiness^C0234450_sleepy
C0022116_ischemia,C0008031_pain chest
C0022116_ischemia,C0002962_angina pectoris
C0022116_ischemia,C0438716_pressure chest
C0022116_ischemia,C0235710_chest discomfort
C0022116_ischemia,C0392680_shortness of breath
C0022116_ischemia,C0013404_dyspnea
C0022116_ischemia,C0232201_sinus rhythm
C0022116_ischemia,C0428977_bradycardia
C0022116_ischemia,C0038990_sweat^C0700590_sweating increased
C0022116_ischemia,C0034642_rale
C0022116_ischemia,C0231221_asymptomatic
C0022116_ischemia,C0003123_anorexia
C1623038_cirrhosis,C0003962_ascites
C1623038_cirrhosis,C0085639_fall
C1623038_cirrhosis,C0038002_splenomegaly
C1623038_cirrhosis,C0033774_pruritus
C1623038_cirrhosis,C0000737_pain abdominal
C1623038_cirrhosis,C1269955_tumor cell invasion
C1623038_cirrhosis,C0000731_distended abdomen
C1623038_cirrhosis,C0221198_lesion
C1623038_cirrhosis,C0578150_hemodynamically stable
C1623038_cirrhosis,C0744492_guaiac positive
C1623038_cirrhosis,C0234233_sore to touch
C1623038_cirrhosis,C0151706_bleeding of vagina
C0015230_exanthema,C0015967_fever
C0015230_exanthema,C0033774_pruritus
C0015230_exanthema,C0332573_macule
C0015230_exanthema,C0221198_lesion
C0015230_exanthema,C0332575_redness
C0015230_exanthema,C0018681_headache
C0015230_exanthema,C0277797_apyrexial
C0015230_exanthema,C0003862_arthralgia
C0015230_exanthema,C0038999_swelling
C0015230_exanthema,C0041834_erythema
C0015230_exanthema,C0085636_photophobia
C0015230_exanthema,C0085593_chill
C0015230_exanthema,C1384489_scratch marks
C0015230_exanthema,C0030193_pain
C0015230_exanthema,C0221150_painful swallowing
C0005001_benign prostatic hypertrophy,C0856054_mental status changes
C0005001_benign prostatic hypertrophy,C0006625_cachexia
C0005001_benign prostatic hypertrophy,C0312422_blackout
C0005001_benign prostatic hypertrophy,C0149746_orthostasis
C0005001_benign prostatic hypertrophy,C0085619_orthopnea
C0005001_benign prostatic hypertrophy,C0028081_night sweat
C0005001_benign prostatic hypertrophy,C0476273_distress respiratory
C0005001_benign prostatic hypertrophy,C0003123_anorexia
C0005001_benign prostatic hypertrophy,C0013362_dysarthria
C0022660_kidney failure acute,C0020461_hyperkalemia
C0022660_kidney failure acute,C0020649_hypotension
C0022660_kidney failure acute,C0020598_hypocalcemia result
C0022660_kidney failure acute,C0028961_oliguria
C0022660_kidney failure acute,C0578150_hemodynamically stable
C0022660_kidney failure acute,C0004093_asthenia
C0022660_kidney failure acute,"C0020672_hypothermia, natural"
C0022660_kidney failure acute,C0011991_diarrhea
C0022660_kidney failure acute,C0019080_haemorrhage
C0022660_kidney failure acute,C0241526_unresponsiveness
C0026266_mitral valve insufficiency,C0392680_shortness of breath
C0026266_mitral valve insufficiency,C0231807_dyspnea on exertion
C0026266_mitral valve insufficiency,C0231221_asymptomatic
C0026266_mitral valve insufficiency,C0086439_hypokinesia
C0026266_mitral valve insufficiency,C0013404_dyspnea
C0026266_mitral valve insufficiency,C0039070_syncope
C0026266_mitral valve insufficiency,C0205400_thicken
C0026266_mitral valve insufficiency,C0238705_left atrial hypertrophy
C0026266_mitral valve insufficiency,C0030252_palpitation
C0026266_mitral valve insufficiency,C0015672_fatigue
C0026266_mitral valve insufficiency,C0042963_vomiting
C0026266_mitral valve insufficiency,C0030193_pain
C0026266_mitral valve insufficiency,C0018800_cardiomegaly
C0026266_mitral valve insufficiency,C0235710_chest discomfort
C0003864_arthritis,C0030193_pain
C0003864_arthritis,C0578150_hemodynamically stable
C0003864_arthritis,C0917801_sleeplessness
C0003864_arthritis,C0004093_asthenia
C0003864_arthritis,C0039070_syncope
C0003864_arthritis,C0038999_swelling
C0003864_arthritis,C0741302_atypia
C0003864_arthritis,C0427108_general unsteadiness
C0003864_arthritis,C0392680_shortness of breath
C0003864_arthritis,C0000731_distended abdomen
C0006277_bronchitis,C0010200_cough
C0006277_bronchitis,C0043144_wheezing
C0006277_bronchitis,C0392680_shortness of breath
C0006277_bronchitis,C0232292_chest tightness
C0006277_bronchitis,C0015967_fever
C0006277_bronchitis,C0242429_throat sore
C0006277_bronchitis,C0239134_productive cough
C0006277_bronchitis,C0019214_hepatosplenomegaly
C0006277_bronchitis,C0028081_night sweat
C0006277_bronchitis,C0019079_haemoptysis
C0006277_bronchitis,C0553668_labored breathing
C0006277_bronchitis,C1260880_snuffle
C0006277_bronchitis,C0239133_hacking cough
C0006277_bronchitis,C0013404_dyspnea
C0006277_bronchitis,C0085593_chill
C0006277_bronchitis,C0038450_stridor
C0006277_bronchitis,C0043096_decreased body weight
C0018989_hemiparesis,C0013362_dysarthria
C0018989_hemiparesis,C0030552_paresis
C0018989_hemiparesis,C0004093_asthenia
C0018989_hemiparesis,C0221470_aphagia
C0018989_hemiparesis,C0036572_seizure
C0018989_hemiparesis,C0234518_speech slurred
C0018989_hemiparesis,C0751495_focal seizures
C0018989_hemiparesis,C0018991_hemiplegia
C0018989_hemiparesis,C0423571_abnormal sensation
C0018989_hemiparesis,C0241526_unresponsiveness
C0018989_hemiparesis,C0085628_stupor
C0018989_hemiparesis,C0013144_drowsiness^C0234450_sleepy
C0018989_hemiparesis,C0231890_fremitus
C0018989_hemiparesis,C0271276_Stahli's line
C0018989_hemiparesis,C0677500_stinging sensation
C0018989_hemiparesis,C0522224_paralyse
C0018989_hemiparesis,C0009024_clonus
C0018989_hemiparesis,C0427055_facial paresis
C0029456_osteoporosis,C0242453_prostatism
C0029456_osteoporosis,C0085639_fall
C0029456_osteoporosis,C0019572_hirsutism
C0029456_osteoporosis,C0558361_sniffle
C0029456_osteoporosis,C0000731_distended abdomen
C0029456_osteoporosis,C0042571_vertigo
C0029456_osteoporosis,C0239832_numbness of hand
C0029456_osteoporosis,C0233565_bradykinesia
C0029456_osteoporosis,C0030193_pain
C0029456_osteoporosis,C0039070_syncope
C0029456_osteoporosis,C0848168_out of breath
C0029456_osteoporosis,C0277797_apyrexial
C0029456_osteoporosis,C0150045_urge incontinence
C0029456_osteoporosis,C0220870_lightheadedness
C0007787_transient ischemic attack,C0234518_speech slurred
C0007787_transient ischemic attack,C0013362_dysarthria
C0007787_transient ischemic attack,C0427055_facial paresis
C0007787_transient ischemic attack,C0004093_asthenia
C0007787_transient ischemic attack,C0151315_neck stiffness
C0007787_transient ischemic attack,C0042571_vertigo
C0007787_transient ischemic attack,C0028643_numbness
C0007787_transient ischemic attack,C0220870_lightheadedness
C0007787_transient ischemic attack,C0234133_extrapyramidal sign
C0007787_transient ischemic attack,C0271276_Stahli's line
C0007787_transient ischemic attack,C0344232_vision blurred
C0007787_transient ischemic attack,C0018681_headache
C0007787_transient ischemic attack,C0848277_room spinning
C0007787_transient ischemic attack,C0039070_syncope
C0007787_transient ischemic attack,C1299586_difficulty
C0007787_transient ischemic attack,C0423982_rambling speech
C0007787_transient ischemic attack,C0233844_clumsiness
C0001418_adenocarcinoma,C0577559_mass of body structure
C0001418_adenocarcinoma,C0221198_lesion
C0001418_adenocarcinoma,C0043096_decreased body weight
C0001418_adenocarcinoma,C0009806_constipation
C0001418_adenocarcinoma,C0231890_fremitus
C0001418_adenocarcinoma,C0278014_decreased stool caliber
C0001418_adenocarcinoma,C0239233_satiety early
C0001418_adenocarcinoma,C0018932_hematochezia
C0001418_adenocarcinoma,C0231872_egophony
C0001418_adenocarcinoma,C0030193_pain
C0001418_adenocarcinoma,C0008767_cicatrisation^C0241158_scar tissue
C0001418_adenocarcinoma,C0000737_pain abdominal
C1456784_paranoia,C0233762_hallucinations auditory
C1456784_paranoia,C0233763_hallucinations visual
C1456784_paranoia,C0085631_agitation
C1456784_paranoia,C0022107_irritable mood
C1456784_paranoia,C0424068_verbal auditory hallucinations
C1456784_paranoia,C0424000_feeling suicidal
C1456784_paranoia,C0438696_suicidal
C1456784_paranoia,C0558261_terrify
C1456784_paranoia,C0233647_neologism
C1456784_paranoia,C0237154_homelessness
C1456784_paranoia,C0455769_energy increased
C1456784_paranoia,C0344315_mood depressed
C1456784_paranoia,C0231187_decompensation
C1456784_paranoia,C0008767_cicatrisation^C0241158_scar tissue
C1456784_paranoia,C0312422_blackout
C1456784_paranoia,C0240233_loose associations
C0030305_pancreatitis,C0042963_vomiting
C0030305_pancreatitis,C0000737_pain abdominal
C0030305_pancreatitis,C0027497_nausea
C0030305_pancreatitis,C0030193_pain
C0030305_pancreatitis,C0011991_diarrhea
C0030305_pancreatitis,C0241252_stool color yellow
C0030305_pancreatitis,C0424790_rigor - temperature-associated observation
C0030305_pancreatitis,C0277797_apyrexial
C0030305_pancreatitis,C0234233_sore to touch
C0021167_incontinence,C0221166_paraparesis
C0021167_incontinence,C0036572_seizure
C0021167_incontinence,C0004093_asthenia
C0021167_incontinence,C0150045_urge incontinence
C0021167_incontinence,C0041657_unconscious state
C0021167_incontinence,C0236018_aura
C0021167_incontinence,C0554980_moody
C0021167_incontinence,C0877040_fear of falling
C0021167_incontinence,C0040822_tremor
C0021167_incontinence,C0037763_spasm
C0021167_incontinence,C0847488_unhappy
C0021167_incontinence,C0039070_syncope
C0021167_incontinence,C0085639_fall
C0021167_incontinence,C0427008_stiffness
C0021167_incontinence,C0241526_unresponsiveness
C0013405_paroxysmal dyspnea,C0085619_orthopnea
C0013405_paroxysmal dyspnea,C0392680_shortness of breath
C0013405_paroxysmal dyspnea,C0231807_dyspnea on exertion
C0013405_paroxysmal dyspnea,C0240100_jugular venous distention
C0013405_paroxysmal dyspnea,C0034642_rale
C0013405_paroxysmal dyspnea,C0008031_pain chest
C0013405_paroxysmal dyspnea,C0030252_palpitation
C0013405_paroxysmal dyspnea,C0038990_sweat^C0700590_sweating increased
C0013405_paroxysmal dyspnea,C0043094_weight gain
C0013405_paroxysmal dyspnea,C0010200_cough
C0013405_paroxysmal dyspnea,C0013404_dyspnea
C0019270_hernia,C0000737_pain abdominal
C0019270_hernia,C0030193_pain
C0019270_hernia,C0020578_hyperventilation
C0019270_hernia,C0278141_excruciating pain
C0019270_hernia,C0016927_gag
C0019270_hernia,C0027497_nausea
C0019270_hernia,C0872410_posturing
C0019270_hernia,C0018991_hemiplegia
C0019270_hernia,C0234233_sore to touch
C0019270_hernia,C0019080_haemorrhage
C0019270_hernia,C0277797_apyrexial
C0019270_hernia,C0149696_food intolerance
C0019270_hernia,C0277899_pulse absent
C0019270_hernia,C0004093_asthenia
C0019270_hernia,C0577559_mass of body structure
C0019270_hernia,C0205400_thicken
C0376358_malignant neoplasm of prostate^C0600139_carcinoma prostate,C0018965_hematuria
C0376358_malignant neoplasm of prostate^C0600139_carcinoma prostate,C0392699_dysesthesia
C0376358_malignant neoplasm of prostate^C0600139_carcinoma prostate,C0004093_asthenia
C0376358_malignant neoplasm of prostate^C0600139_carcinoma prostate,C0521516_polymyalgia
C0376358_malignant neoplasm of prostate^C0600139_carcinoma prostate,C0848621_passed stones
C0376358_malignant neoplasm of prostate^C0600139_carcinoma prostate,C0008033_pleuritic pain
C0376358_malignant neoplasm of prostate^C0600139_carcinoma prostate,C0744492_guaiac positive
C0376358_malignant neoplasm of prostate^C0600139_carcinoma prostate,C0034642_rale
C0376358_malignant neoplasm of prostate^C0600139_carcinoma prostate,C0238844_breath sounds decreased
C0376358_malignant neoplasm of prostate^C0600139_carcinoma prostate,C0150045_urge incontinence
C0376358_malignant neoplasm of prostate^C0600139_carcinoma prostate,C0013428_dysuria
C0376358_malignant neoplasm of prostate^C0600139_carcinoma prostate,C0011991_diarrhea
C0376358_malignant neoplasm of prostate^C0600139_carcinoma prostate,C0042571_vertigo
C0376358_malignant neoplasm of prostate^C0600139_carcinoma prostate,C0151878_qt interval prolonged
C0376358_malignant neoplasm of prostate^C0600139_carcinoma prostate,C0004134_ataxia
C0376358_malignant neoplasm of prostate^C0600139_carcinoma prostate,C0030552_paresis
C0376358_malignant neoplasm of prostate^C0600139_carcinoma prostate,C0271202_hemianopsia homonymous
C0376358_malignant neoplasm of prostate^C0600139_carcinoma prostate,C1269955_tumor cell invasion
C0376358_malignant neoplasm of prostate^C0600139_carcinoma prostate,C0578150_hemodynamically stable
C0376358_malignant neoplasm of prostate^C0600139_carcinoma prostate,C0577559_mass of body structure
C0376358_malignant neoplasm of prostate^C0600139_carcinoma prostate,C0035508_rhonchus
C0376358_malignant neoplasm of prostate^C0600139_carcinoma prostate,C0149746_orthostasis
C0376358_malignant neoplasm of prostate^C0600139_carcinoma prostate,C0043096_decreased body weight
C0034063_edema pulmonary,C0085606_urgency of micturition
C0034063_edema pulmonary,C0392680_shortness of breath
C0034063_edema pulmonary,C0034642_rale
C0034063_edema pulmonary,C0231835_tachypnea
C0034063_edema pulmonary,C0085619_orthopnea
C0034063_edema pulmonary,C0018862_Heberden's node
C0034063_edema pulmonary,C0240100_jugular venous distention
C0034063_edema pulmonary,C0013404_dyspnea
C0034063_edema pulmonary,C0038990_sweat^C0700590_sweating increased
C0034063_edema pulmonary,C0376405_patient non compliance
C0034063_edema pulmonary,C0235710_chest discomfort
C0034063_edema pulmonary,C0020461_hyperkalemia
C0034063_edema pulmonary,C0232201_sinus rhythm
C0034063_edema pulmonary,C0008031_pain chest
C0034063_edema pulmonary,C0020649_hypotension
C0034063_edema pulmonary,C0043144_wheezing
C0024228_lymphatic diseases,C0030193_pain
C0024228_lymphatic diseases,C0577559_mass of body structure
C0024228_lymphatic diseases,C0028081_night sweat
C0024228_lymphatic diseases,C0038002_splenomegaly
C0024228_lymphatic diseases,C0221198_lesion
C0024228_lymphatic diseases,C0085593_chill
C0024228_lymphatic diseases,C0043096_decreased body weight
C0024228_lymphatic diseases,C0038999_swelling
C0024228_lymphatic diseases,C0015967_fever
C0024228_lymphatic diseases,C0034880_hyperacusis
C0024228_lymphatic diseases,C0231890_fremitus
C0024228_lymphatic diseases,C0850149_non-productive cough
C0024228_lymphatic diseases,C0231872_egophony
C0024228_lymphatic diseases,C0332575_redness
C0024228_lymphatic diseases,C0019209_hepatomegaly
C0024228_lymphatic diseases,C0015672_fatigue
C0003507_stenosis aortic valve,C0231807_dyspnea on exertion
C0003507_stenosis aortic valve,C0039070_syncope
C0003507_stenosis aortic valve,C0235710_chest discomfort
C0003507_stenosis aortic valve,C0232257_systolic murmur
C0003507_stenosis aortic valve,C0036396_sciatica
C0003507_stenosis aortic valve,C0002962_angina pectoris
C0003507_stenosis aortic valve,C0008031_pain chest
C0003507_stenosis aortic valve,C0577979_frothy sputum
C0003507_stenosis aortic valve,C0428977_bradycardia
C0003507_stenosis aortic valve,C0392680_shortness of breath
C0003507_stenosis aortic valve,C0030193_pain
C0006142_malignant neoplasm of breast^C0678222_carcinoma breast,C0024103_mass in breast
C0006142_malignant neoplasm of breast^C0678222_carcinoma breast,C0577559_mass of body structure
C0006142_malignant neoplasm of breast^C0678222_carcinoma breast,C0030554_paresthesia
C0006142_malignant neoplasm of breast^C0678222_carcinoma breast,C0277845_retropulsion
C0006142_malignant neoplasm of breast^C0678222_carcinoma breast,C0041834_erythema
C0006142_malignant neoplasm of breast^C0678222_carcinoma breast,C1299586_difficulty
C0006142_malignant neoplasm of breast^C0678222_carcinoma breast,C0221198_lesion
C0006142_malignant neoplasm of breast^C0678222_carcinoma breast,C0239301_estrogen use
C0006142_malignant neoplasm of breast^C0678222_carcinoma breast,C0085624_burning sensation
C0006142_malignant neoplasm of breast^C0678222_carcinoma breast,C0013404_dyspnea
C0006142_malignant neoplasm of breast^C0678222_carcinoma breast,C0038999_swelling
C0006142_malignant neoplasm of breast^C0678222_carcinoma breast,C0016579_formication
C0036341_schizophrenia,C0233762_hallucinations auditory
C0036341_schizophrenia,C0751229_hypersomnolence
C0036341_schizophrenia,C0022107_irritable mood
C0036341_schizophrenia,C0424068_verbal auditory hallucinations
C0036341_schizophrenia,C0376405_patient non compliance
C0036341_schizophrenia,C0085631_agitation
C0036341_schizophrenia,C0438696_suicidal
C0036341_schizophrenia,C0233481_worry
C0036341_schizophrenia,C0233763_hallucinations visual
C0036341_schizophrenia,C0041667_underweight^C1319518_underweight
C0036341_schizophrenia,C0237154_homelessness
C0012813_diverticulitis,C0000737_pain abdominal
C0012813_diverticulitis,C0549483_abscess bacterial
C0012813_diverticulitis,C0541911_dullness
C0012813_diverticulitis,C0857199_red blotches
C0012813_diverticulitis,C0011991_diarrhea
C0012813_diverticulitis,C0234233_sore to touch
C0012813_diverticulitis,C0013428_dysuria
C0012813_diverticulitis,C0030193_pain
C0012813_diverticulitis,C0042963_vomiting
C0012813_diverticulitis,C0232201_sinus rhythm
C0012813_diverticulitis,C0232488_colic abdominal
C0012813_diverticulitis,C0277797_apyrexial
C0012813_diverticulitis,C0232498_abdominal tenderness
C0012813_diverticulitis,C0015967_fever
C0012813_diverticulitis,C1273573_unsteady gait
C0012813_diverticulitis,C0205400_thicken
C0012813_diverticulitis,C0085606_urgency of micturition
C0012813_diverticulitis,C0003123_anorexia
C0012813_diverticulitis,C0746619_monoclonal
C0012813_diverticulitis,C0009806_constipation
C0546817_overload fluid,C0034642_rale
C0546817_overload fluid,C0240100_jugular venous distention
C0546817_overload fluid,C0020461_hyperkalemia
C0546817_overload fluid,C0085619_orthopnea
C0546817_overload fluid,C0392680_shortness of breath
C0546817_overload fluid,C0013144_drowsiness^C0234450_sleepy
C0546817_overload fluid,C0043094_weight gain
C0546817_overload fluid,C0020621_hypokalemia
C0546817_overload fluid,C0020649_hypotension
C0546817_overload fluid,C0038999_swelling
C0546817_overload fluid,C0000731_distended abdomen
C0030920_ulcer peptic,C0000737_pain abdominal
C0030920_ulcer peptic,C0221166_paraparesis
C0030920_ulcer peptic,C0027497_nausea
C0030920_ulcer peptic,C0042963_vomiting
C0030920_ulcer peptic,C0521516_polymyalgia
C0030920_ulcer peptic,C0848168_out of breath
C0030920_ulcer peptic,C0008031_pain chest
C0030920_ulcer peptic,C0018991_hemiplegia
C0030920_ulcer peptic,C0232517_gurgle
C0030920_ulcer peptic,C0020175_hunger
C0030920_ulcer peptic,C0277797_apyrexial
C0030920_ulcer peptic,C0027769_nervousness
C0029443_osteomyelitis,C0030193_pain
C0029443_osteomyelitis,C0332575_redness
C0029443_osteomyelitis,C0240813_prostate tender
C0029443_osteomyelitis,C0015967_fever
C0029443_osteomyelitis,C0241705_difficulty passing urine
C0029443_osteomyelitis,C0234233_sore to touch
C0029443_osteomyelitis,C0038999_swelling
C0029443_osteomyelitis,C0277797_apyrexial
C0029443_osteomyelitis,C0041834_erythema
C0029443_osteomyelitis,C0549483_abscess bacterial
C0029443_osteomyelitis,C0016512_pain foot
C0029443_osteomyelitis,C0152032_urinary hesitation
C0017152_gastritis,C0744740_heme positive
C0017152_gastritis,C0000737_pain abdominal
C0017152_gastritis,C0042963_vomiting
C0017152_gastritis,C0281825_disequilibrium
C0017152_gastritis,C0027497_nausea
C0017152_gastritis,C0728899_intoxication
C0017152_gastritis,C0019080_haemorrhage
C0017152_gastritis,C0744492_guaiac positive
C0017152_gastritis,C0030193_pain
C0017152_gastritis,C0043096_decreased body weight
C0017152_gastritis,C0234233_sore to touch
C0017152_gastritis,C0012833_dizziness
C0004610_bacteremia,C0015967_fever
C0004610_bacteremia,C0085593_chill
C0004610_bacteremia,C0016382_flushing
C0004610_bacteremia,C0241526_unresponsiveness
C0004610_bacteremia,C0085632_indifferent mood
C0004610_bacteremia,C1313921_urinoma
C0004610_bacteremia,C0042963_vomiting
C0004610_bacteremia,C0000731_distended abdomen
C0004610_bacteremia,C0239981_hypoalbuminemia
C0004610_bacteremia,C0241157_pustule
C0004610_bacteremia,C0242453_prostatism
C0004610_bacteremia,C0011991_diarrhea
C0004610_bacteremia,C0232498_abdominal tenderness
C0004610_bacteremia,C0008033_pleuritic pain
C0004610_bacteremia,C0029053_decreased translucency
C0004610_bacteremia,C0030232_pallor
C0035078_failure kidney,C0085619_orthopnea
C0035078_failure kidney,C0028961_oliguria
C0035078_failure kidney,C0232854_slowing of urinary stream
C0035078_failure kidney,C0277794_extreme exhaustion
C0035078_failure kidney,C0241526_unresponsiveness
C0035078_failure kidney,C0020649_hypotension
C0035078_failure kidney,C0014394_enuresis
C0035078_failure kidney,C0392680_shortness of breath
C0035078_failure kidney,C0019080_haemorrhage
C0035078_failure kidney,C0242453_prostatism
C0035078_failure kidney,C0442739_no status change
C0035078_failure kidney,C0425251_bedridden^C0741453_bedridden
C0035078_failure kidney,C0015672_fatigue
C0002895_sickle cell anemia,C1135120_breakthrough pain
C0002895_sickle cell anemia,C0004604_pain back
C0002895_sickle cell anemia,C0030193_pain
C0002895_sickle cell anemia,C0392680_shortness of breath
C0002895_sickle cell anemia,C1260880_snuffle
C0002895_sickle cell anemia,C0008031_pain chest
C0002895_sickle cell anemia,C0000737_pain abdominal
C0002895_sickle cell anemia,C0019214_hepatosplenomegaly
C0002895_sickle cell anemia,C0457097_green sputum
C0002895_sickle cell anemia,C0277797_apyrexial
C0002895_sickle cell anemia,C0018681_headache
C0018801_failure heart,C0085619_orthopnea
C0018801_failure heart,C0015672_fatigue
C0018801_failure heart,C0231807_dyspnea on exertion
C0018801_failure heart,C0013404_dyspnea
C0018801_failure heart,C0392680_shortness of breath
C0018801_failure heart,C0232258_pansystolic murmur
C0018801_failure heart,C0240100_jugular venous distention
C0018801_failure heart,C0694547_systolic ejection murmur
C0018801_failure heart,C0020649_hypotension
C0018801_failure heart,C0002962_angina pectoris
C0018801_failure heart,C0086439_hypokinesia
C0041912_upper respiratory infection,C0010200_cough
C0041912_upper respiratory infection,C0242429_throat sore
C0041912_upper respiratory infection,C0043144_wheezing
C0041912_upper respiratory infection,C0392680_shortness of breath
C0041912_upper respiratory infection,C0553668_labored breathing
C0041912_upper respiratory infection,C0015967_fever
C0041912_upper respiratory infection,C0848340_stuffy nose
C0041912_upper respiratory infection,C0850149_non-productive cough
C0041912_upper respiratory infection,C1260880_snuffle
C0041912_upper respiratory infection,C0085632_indifferent mood
C0041912_upper respiratory infection,C0231872_egophony
C0041912_upper respiratory infection,C0234866_barking cough
C0041912_upper respiratory infection,C0521516_polymyalgia
C0041912_upper respiratory infection,C0008033_pleuritic pain
C0041912_upper respiratory infection,C0028081_night sweat
C0041912_upper respiratory infection,C0013404_dyspnea
C0041912_upper respiratory infection,C0239134_productive cough
C0041912_upper respiratory infection,C0029053_decreased translucency
C0041912_upper respiratory infection,C0035508_rhonchus
C0041912_upper respiratory infection,C0425488_rapid shallow breathing
C0041912_upper respiratory infection,C0277797_apyrexial
C0041912_upper respiratory infection,C0237304_noisy respiration
C0041912_upper respiratory infection,C0264273_nasal discharge present
C0041912_upper respiratory infection,C0743482_emphysematous change
C0041912_upper respiratory infection,C0871754_frail
C0041912_upper respiratory infection,C1511606_cystic lesion
C0041912_upper respiratory infection,C0436331_symptom aggravating factors
C0041912_upper respiratory infection,C0578150_hemodynamically stable
C0019158_hepatitis,C0003962_ascites
C0019158_hepatitis,C0233308_spontaneous rupture of membranes
C0019158_hepatitis,C0231835_tachypnea
C0019158_hepatitis,C0000737_pain abdominal
C0019158_hepatitis,C0033774_pruritus
C0019158_hepatitis,C0003123_anorexia
C0019158_hepatitis,C1096646_transaminitis
C0019158_hepatitis,C0221151_projectile vomiting
C0019158_hepatitis,C0085593_chill
C0019158_hepatitis,C0476273_distress respiratory
C0019158_hepatitis,C0015967_fever
C0019158_hepatitis,C0042963_vomiting
C0020542_hypertension pulmonary,C0392680_shortness of breath
C0020542_hypertension pulmonary,C0271276_Stahli's line
C0020542_hypertension pulmonary,C0581911_heavy legs
C0020542_hypertension pulmonary,C0238844_breath sounds decreased
C0020542_hypertension pulmonary,C0151315_neck stiffness
C0020542_hypertension pulmonary,C0231807_dyspnea on exertion
C0020542_hypertension pulmonary,C0010520_cyanosis
C0020542_hypertension pulmonary,C0020649_hypotension
C0020542_hypertension pulmonary,C0238705_left atrial hypertrophy
C0011168_deglutition disorder,C0030554_paresthesia
C0011168_deglutition disorder,C0231690_titubation
C0011168_deglutition disorder,C0013362_dysarthria
C0011168_deglutition disorder,C0221150_painful swallowing
C0011168_deglutition disorder,C0019825_hoarseness
C0011168_deglutition disorder,C0038450_stridor
C0011168_deglutition disorder,C0037763_spasm
C0011168_deglutition disorder,C0004093_asthenia
C0011168_deglutition disorder,C0234979_dysdiadochokinesia
C0011168_deglutition disorder,C0004134_ataxia
C0011168_deglutition disorder,C1321756_achalasia
C0011168_deglutition disorder,C0043096_decreased body weight
C0011168_deglutition disorder,C0427008_stiffness
C0011168_deglutition disorder,C0221198_lesion
C0011168_deglutition disorder,C0748706_side pain
C0018099_gout,C0600142_hot flush
C0018099_gout,C0030193_pain
C0018099_gout,C0332575_redness
C0018099_gout,C0038999_swelling
C0018099_gout,C0041834_erythema
C0018099_gout,C0743482_emphysematous change
C0018099_gout,C0234233_sore to touch
C0018099_gout,C0086439_hypokinesia
C0018099_gout,C0003962_ascites
C0018099_gout,C0376405_patient non compliance
C0040034_thrombocytopaenia,C0013491_ecchymosis
C0040034_thrombocytopaenia,C0085702_monocytosis
C0040034_thrombocytopaenia,C0032781_posterior rhinorrhea
C0040034_thrombocytopaenia,C0019080_haemorrhage
C0040034_thrombocytopaenia,C0231835_tachypnea
C0040034_thrombocytopaenia,C0015967_fever
C0040034_thrombocytopaenia,C0033774_pruritus
C0040034_thrombocytopaenia,C0020649_hypotension
C0040034_thrombocytopaenia,C0015672_fatigue
C0020615_hypoglycemia,C0241526_unresponsiveness
C0020615_hypoglycemia,"C0020672_hypothermia, natural"
C0020615_hypoglycemia,C0542044_incoherent
C0020615_hypoglycemia,C0151878_qt interval prolonged
C0020615_hypoglycemia,C0311395_lameness^C1456822_claudication
C0020615_hypoglycemia,C0041657_unconscious state
C0020615_hypoglycemia,C0392162_clammy skin
C0020615_hypoglycemia,C0032617_polyuria
C0020615_hypoglycemia,C0476273_distress respiratory
C0020615_hypoglycemia,C0020649_hypotension
C0032290_pneumonia aspiration,C0264576_mediastinal shift
C0032290_pneumonia aspiration,C0015967_fever
C0032290_pneumonia aspiration,C0009024_clonus
C0032290_pneumonia aspiration,C0856054_mental status changes
C0032290_pneumonia aspiration,C0029053_decreased translucency
C0032290_pneumonia aspiration,C0241526_unresponsiveness
C0032290_pneumonia aspiration,C0277794_extreme exhaustion
C0032290_pneumonia aspiration,C0085628_stupor
C0032290_pneumonia aspiration,C0036572_seizure
C0032290_pneumonia aspiration,C1096646_transaminitis
C0032290_pneumonia aspiration,C0018991_hemiplegia
C0032290_pneumonia aspiration,C0010200_cough
C0032290_pneumonia aspiration,C0232517_gurgle
C0032290_pneumonia aspiration,C0030193_pain
C0032290_pneumonia aspiration,C0011991_diarrhea
C0032290_pneumonia aspiration,C0000737_pain abdominal
C0009319_colitis,C0015967_fever
C0009319_colitis,C0205400_thicken
C0009319_colitis,C0457097_green sputum
C0009319_colitis,C0042963_vomiting
C0009319_colitis,C0027498_nausea and vomiting
C0009319_colitis,C0541798_awakening early
C0009319_colitis,C0030193_pain
C0009319_colitis,C0027497_nausea
C0009319_colitis,C0085593_chill
C0009319_colitis,C0232726_tenesmus
C0009319_colitis,C0150045_urge incontinence
C0009319_colitis,C0000737_pain abdominal
C0009319_colitis,C0578150_hemodynamically stable
C1510475_diverticulosis,C1167754_fecaluria
C1510475_diverticulosis,C0009806_constipation
C1510475_diverticulosis,C0549483_abscess bacterial
C1510475_diverticulosis,C0744740_heme positive
C1510475_diverticulosis,C0220870_lightheadedness
C1510475_diverticulosis,C0011991_diarrhea
C1510475_diverticulosis,C0019080_haemorrhage
C1510475_diverticulosis,C0030193_pain
C1510475_diverticulosis,C0221151_projectile vomiting
C1510475_diverticulosis,C0232894_pneumatouria
C1510475_diverticulosis,C1511606_cystic lesion
C1510475_diverticulosis,C0003123_anorexia
C1510475_diverticulosis,C0027497_nausea
C1510475_diverticulosis,C0424000_feeling suicidal
C1510475_diverticulosis,C0150041_feeling hopeless
C0038663_suicide attempt,C0233762_hallucinations auditory
C0038663_suicide attempt,C0917801_sleeplessness
C0038663_suicide attempt,C0438696_suicidal
C0038663_suicide attempt,C0424230_motor retardation
C0038663_suicide attempt,C0424109_weepiness
C0038663_suicide attempt,C0235198_unable to concentrate
C0038663_suicide attempt,C0234544_todd paralysis
C0038663_suicide attempt,C0233481_worry
C0038663_suicide attempt,C0015672_fatigue
C0038663_suicide attempt,C0040822_tremor
C0038663_suicide attempt,C0740880_alcoholic withdrawal symptoms
C0038663_suicide attempt,C0085631_agitation
C0038663_suicide attempt,C0241526_unresponsiveness
C0038663_suicide attempt,C0312422_blackout
C0038663_suicide attempt,C0424092_withdraw
C0038663_suicide attempt,C1299586_difficulty
C0038663_suicide attempt,C0022107_irritable mood
C0038663_suicide attempt,C0234215_sensory discomfort
C0038663_suicide attempt,C0013144_drowsiness
C0038663_suicide attempt,C0016579_formication
C0038663_suicide attempt,C0041657_unconscious state
C0038663_suicide attempt,C0015967_fever
C0038663_suicide attempt,C0010200_cough
C0032305_Pneumocystis carinii pneumonia,C0457096_yellow sputum
C0032305_Pneumocystis carinii pneumonia,C0006625_cachexia
C0032305_Pneumocystis carinii pneumonia,C0085593_chill
C0032305_Pneumocystis carinii pneumonia,C0043096_decreased body weight
C0032305_Pneumocystis carinii pneumonia,C0239134_productive cough
C0032305_Pneumocystis carinii pneumonia,C0231528_myalgia
C0032305_Pneumocystis carinii pneumonia,C0011991_diarrhea
C0032305_Pneumocystis carinii pneumonia,C0151315_neck stiffness
C0032305_Pneumocystis carinii pneumonia,C0239133_hacking cough
C0032305_Pneumocystis carinii pneumonia,C1384606_dyspareunia
C0032305_Pneumocystis carinii pneumonia,C0020621_hypokalemia
C0032305_Pneumocystis carinii pneumonia,C0231807_dyspnea on exertion
C0032305_Pneumocystis carinii pneumonia,C0149758_poor dentition
C0032305_Pneumocystis carinii pneumonia,C1096646_transaminitis
C0032305_Pneumocystis carinii pneumonia,C0850149_non-productive cough
C0032305_Pneumocystis carinii pneumonia,C0018681_headache
C0032305_Pneumocystis carinii pneumonia,C0857516_floppy
C0032305_Pneumocystis carinii pneumonia,C0233308_spontaneous rupture of membranes
C0019163_hepatitis B,C0233467_inappropriate affect
C0019163_hepatitis B,C0231835_tachypnea
C0019163_hepatitis B,C0457096_yellow sputum
C0019163_hepatitis B,C0221151_projectile vomiting
C0019163_hepatitis B,C0576456_poor feeding
C0019163_hepatitis B,C0000737_pain abdominal
C0019163_hepatitis B,C0232498_abdominal tenderness
C0019163_hepatitis B,C0558195_wheelchair bound
C0019163_hepatitis B,C0859032_moan
C0030567_parkinson disease,C1321756_achalasia
C0030567_parkinson disease,C0085639_fall
C0030567_parkinson disease,C0427008_stiffness
C0030567_parkinson disease,C0424092_withdraw
C0030567_parkinson disease,C0085631_agitation
C0030567_parkinson disease,C0018991_hemiplegia
C0030567_parkinson disease,C1299586_difficulty
C0030567_parkinson disease,C0241526_unresponsiveness
C0030567_parkinson disease,C0039070_syncope
C0030567_parkinson disease,C0427055_facial paresis
C0030567_parkinson disease,C0149746_orthostasis
C0030567_parkinson disease,C0233481_worry
C0030567_parkinson disease,C0013144_drowsiness^C0234450_sleepy
C0030567_parkinson disease,C0018965_hematuria
C0030567_parkinson disease,C0040822_tremor
C0030567_parkinson disease,C0028081_night sweat
C0030567_parkinson disease,C0577559_mass of body structure
C0024299_lymphoma,C0221198_lesion
C0024299_lymphoma,C0015967_fever
C0024299_lymphoma,C0221232_welt
C0024299_lymphoma,C1096646_transaminitis
C0024299_lymphoma,C0043096_decreased body weight
C0024299_lymphoma,C0004134_ataxia
C0024299_lymphoma,C0040264_tinnitus
C0024299_lymphoma,C0020303_hydropneumothorax
C0024299_lymphoma,C0429562_superimposition
C0024299_lymphoma,C0019079_haemoptysis
C0024299_lymphoma,C0015672_fatigue^C0557875_tired
C0024299_lymphoma,C0085602_polydypsia
C0024299_lymphoma,C0241705_difficulty passing urine
C0020456_hyperglycemia,C0234233_sore to touch
C0020456_hyperglycemia,C0033774_pruritus
C0020456_hyperglycemia,C0235129_feeling strange
C0020456_hyperglycemia,C0241157_pustule
C0020456_hyperglycemia,C0332601_cushingoid facies^C0878661_cushingoid habitus
C0020456_hyperglycemia,C0043096_decreased body weight
C0020456_hyperglycemia,C0344315_mood depressed
C0020456_hyperglycemia,C0239301_estrogen use
C0020456_hyperglycemia,C0043144_wheezing
C0020456_hyperglycemia,C0003962_ascites
C0020456_hyperglycemia,C0036572_seizure
C0085584_encephalopathy,C0242143_uncoordination
C0085584_encephalopathy,C0232766_asterixis
C0085584_encephalopathy,C0019080_haemorrhage
C0085584_encephalopathy,C0013144_drowsiness^C0234450_sleepy
C0085584_encephalopathy,C0424530_absences finding
C0085584_encephalopathy,C0872410_posturing
C0085584_encephalopathy,C0236018_aura
C0085584_encephalopathy,C0270844_tonic seizures
C0085584_encephalopathy,C0742985_debilitation
C0085584_encephalopathy,C0239110_consciousness clear
C0085584_encephalopathy,C0241526_unresponsiveness
C0085584_encephalopathy,C0205400_thicken
C0085584_encephalopathy,C0086439_hypokinesia
C0040961_tricuspid valve insufficiency,C0392680_shortness of breath
C0040961_tricuspid valve insufficiency,C0030193_pain
C0040961_tricuspid valve insufficiency,C0042963_vomiting
C0040961_tricuspid valve insufficiency,C0027497_nausea
C0040961_tricuspid valve insufficiency,C0428977_bradycardia
C0040961_tricuspid valve insufficiency,C0000737_pain abdominal
C0040961_tricuspid valve insufficiency,C0015967_fever
C0040961_tricuspid valve insufficiency,C0008767_cicatrisation
C0040961_tricuspid valve insufficiency,C0264576_mediastinal shift
C0040961_tricuspid valve insufficiency,C0338656_impaired cognition
C0002395_Alzheimer's disease,C0013132_drool
C0002395_Alzheimer's disease,C0085631_agitation
C0002395_Alzheimer's disease,C0028084_nightmare
C0002395_Alzheimer's disease,C0035508_rhonchus
C0002395_Alzheimer's disease,C0239110_consciousness clear
C0002395_Alzheimer's disease,C0235231_pin-point pupils
C0002395_Alzheimer's disease,C0425251_bedridden^C0741453_bedridden
C0002395_Alzheimer's disease,C0871754_frail
C0002395_Alzheimer's disease,C0234379_tremor resting
C0002395_Alzheimer's disease,C0020461_hyperkalemia
C0002395_Alzheimer's disease,C0427055_facial paresis
C0002395_Alzheimer's disease,C0541992_groggy
C0002395_Alzheimer's disease,C0231530_muscle twitch
C0002395_Alzheimer's disease,C0558195_wheelchair bound
C0002395_Alzheimer's disease,C0040822_tremor
C0002395_Alzheimer's disease,C0010200_cough
C0002395_Alzheimer's disease,C0015967_fever
C0006840_candidiasis^C0006849_oral candidiasis,C0011991_diarrhea
C0006840_candidiasis^C0006849_oral candidiasis,C0242429_throat sore
C0006840_candidiasis^C0006849_oral candidiasis,C0043096_decreased body weight
C0006840_candidiasis^C0006849_oral candidiasis,C0085593_chill
C0006840_candidiasis^C0006849_oral candidiasis,C0018681_headache
C0006840_candidiasis^C0006849_oral candidiasis,C0232498_abdominal tenderness
C0006840_candidiasis^C0006849_oral candidiasis,C0376405_patient non compliance
C0006840_candidiasis^C0006849_oral candidiasis,C0085636_photophobia
C0006840_candidiasis^C0006849_oral candidiasis,C0028081_night sweat
C0006840_candidiasis^C0006849_oral candidiasis,C0221150_painful swallowing
C0006840_candidiasis^C0006849_oral candidiasis,C0149758_poor dentition
C0006840_candidiasis^C0006849_oral candidiasis,C1096646_transaminitis
C0006840_candidiasis^C0006849_oral candidiasis,C0850149_non-productive cough
C0006840_candidiasis^C0006849_oral candidiasis,C0559546_adverse reaction^C0879626_adverse effect
C0006840_candidiasis^C0006849_oral candidiasis,C1291077_abdominal bloating
C0442874_neuropathy,C0004093_asthenia
C0442874_neuropathy,C0028643_numbness
C0442874_neuropathy,C0027498_nausea and vomiting
C0442874_neuropathy,C0541798_awakening early
C0442874_neuropathy,C0020303_hydropneumothorax
C0442874_neuropathy,C0429562_superimposition
C0442874_neuropathy,C0231230_fatigability
C0442874_neuropathy,C0232726_tenesmus
C0442874_neuropathy,C0030193_pain
C0442874_neuropathy,C0232854_slowing of urinary stream
C0022658_kidney disease,C0392680_shortness of breath
C0022658_kidney disease,C0020461_hyperkalemia
C0022658_kidney disease,C0008031_pain chest
C0022658_kidney disease,C0015967_fever
C0022658_kidney disease,C0232995_gravida 0
C0022658_kidney disease,C0151706_bleeding of vagina
C0023267_fibroid tumor,C0233071_para 2
C0023267_fibroid tumor,C0019080_haemorrhage
C0023267_fibroid tumor,C0156543_abortion
C0023267_fibroid tumor,C0232943_intermenstrual heavy bleeding
C0023267_fibroid tumor,C0026827_muscle hypotonia^C0241938_hypotonic
C0023267_fibroid tumor,C0232997_previous pregnancies 2
C0023267_fibroid tumor,C0392680_shortness of breath
C0023267_fibroid tumor,C0015967_fever
C0023267_fibroid tumor,C0018834_heartburn
C0023267_fibroid tumor,C0860096_primigravida
C0023267_fibroid tumor,C0702118_abnormally hard consistency
C0023267_fibroid tumor,C1405524_proteinemia
C0017601_glaucoma,C0085639_fall
C0017601_glaucoma,C0000731_distended abdomen
C0017601_glaucoma,C1273573_unsteady gait
C0017601_glaucoma,C0030554_paresthesia
C0017601_glaucoma,C0020625_hyponatremia
C0017601_glaucoma,C0085631_agitation
C0017601_glaucoma,C0041657_unconscious state
C0017601_glaucoma,C0085624_burning sensation
C0017601_glaucoma,C0221198_lesion
C0017601_glaucoma,C0577559_mass of body structure
C0027627_neoplasm metastasis,C0205400_thicken
C0027627_neoplasm metastasis,C1269955_tumor cell invasion
C0027627_neoplasm metastasis,C1513183_metastatic lesion
C0027627_neoplasm metastasis,C0007859_pain neck
C0027627_neoplasm metastasis,C0034079_lung nodule
C0027627_neoplasm metastasis,C0030193_pain
C0027627_neoplasm metastasis,C0000737_pain abdominal
C0027627_neoplasm metastasis,C0149696_food intolerance
C0027627_neoplasm metastasis,C0577559_mass of body structure
C0027627_neoplasm metastasis,C0741302_atypia
C0007102_malignant tumor of colon^C0699790_carcinoma colon,C0221198_lesion
C0007102_malignant tumor of colon^C0699790_carcinoma colon,C0242453_prostatism
C0007102_malignant tumor of colon^C0699790_carcinoma colon,C0009806_constipation
C0007102_malignant tumor of colon^C0699790_carcinoma colon,C0858924_general discomfort
C0007102_malignant tumor of colon^C0699790_carcinoma colon,C0011991_diarrhea
C0007102_malignant tumor of colon^C0699790_carcinoma colon,C0000737_pain abdominal
C0007102_malignant tumor of colon^C0699790_carcinoma colon,C0152032_urinary hesitation
C0007102_malignant tumor of colon^C0699790_carcinoma colon,C0857087_dizzy spells
C0007102_malignant tumor of colon^C0699790_carcinoma colon,C0278146_shooting pain
C0007102_malignant tumor of colon^C0699790_carcinoma colon,C0428977_bradycardia
C0007102_malignant tumor of colon^C0699790_carcinoma colon,C0042963_vomiting
C0007102_malignant tumor of colon^C0699790_carcinoma colon,C0694547_systolic ejection murmur
C0007102_malignant tumor of colon^C0699790_carcinoma colon,C0027497_nausea
C0007102_malignant tumor of colon^C0699790_carcinoma colon,C0235250_hyperemesis
C0007102_malignant tumor of colon^C0699790_carcinoma colon,C0085602_polydypsia
C0011880_ketoacidosis diabetic,C0032617_polyuria
C0011880_ketoacidosis diabetic,C0042963_vomiting
C0011880_ketoacidosis diabetic,C0027497_nausea
C0011880_ketoacidosis diabetic,C0000737_pain abdominal
C0011880_ketoacidosis diabetic,C0443260_milky
C0011880_ketoacidosis diabetic,C0235129_feeling strange
C0011880_ketoacidosis diabetic,C0232517_gurgle
C0011880_ketoacidosis diabetic,C0027769_nervousness
C0011880_ketoacidosis diabetic,C0232498_abdominal tenderness
C0011880_ketoacidosis diabetic,C0232605_regurgitates after swallowing
C0011880_ketoacidosis diabetic,C0344232_vision blurred
C0011880_ketoacidosis diabetic,C0152032_urinary hesitation
C0011880_ketoacidosis diabetic,C0011991_diarrhea
C0011880_ketoacidosis diabetic,C0036572_seizure
C0011880_ketoacidosis diabetic,C0236018_aura
C0014549_tonic-clonic epilepsy^C0494475_tonic-clonic seizures,C0013144_drowsiness
C0014549_tonic-clonic epilepsy^C0494475_tonic-clonic seizures,C0542073_lip smacking
C0014549_tonic-clonic epilepsy^C0494475_tonic-clonic seizures,C0027066_myoclonus
C0014549_tonic-clonic epilepsy^C0494475_tonic-clonic seizures,C0040822_tremor
C0014549_tonic-clonic epilepsy^C0494475_tonic-clonic seizures,C0751466_phonophobia
C0014549_tonic-clonic epilepsy^C0494475_tonic-clonic seizures,C0522336_rolling of eyes
C0014549_tonic-clonic epilepsy^C0494475_tonic-clonic seizures,C0234450_sleepy
C0014549_tonic-clonic epilepsy^C0494475_tonic-clonic seizures,C0019572_hirsutism
C0014549_tonic-clonic epilepsy^C0494475_tonic-clonic seizures,C0554980_moody
C0014549_tonic-clonic epilepsy^C0494475_tonic-clonic seizures,C0231530_muscle twitch
C0014549_tonic-clonic epilepsy^C0494475_tonic-clonic seizures,C0241526_unresponsiveness
C0014549_tonic-clonic epilepsy^C0494475_tonic-clonic seizures,C0018681_headache
C0014549_tonic-clonic epilepsy^C0494475_tonic-clonic seizures,C0002416_ambidexterity
C0014549_tonic-clonic epilepsy^C0494475_tonic-clonic seizures,C0424530_absences finding
C0014549_tonic-clonic epilepsy^C0494475_tonic-clonic seizures,C0037763_spasm
C0014549_tonic-clonic epilepsy^C0494475_tonic-clonic seizures,C0043096_decreased body weight
C0014549_tonic-clonic epilepsy^C0494475_tonic-clonic seizures,C1269955_tumor cell invasion
C0006826_malignant neoplasms,C0232118_pulsus paradoxus
C0006826_malignant neoplasms,C1291692_gravida 10
C0006826_malignant neoplasms,C0577559_mass of body structure
C0006826_malignant neoplasms,C0221198_lesion
C0006826_malignant neoplasms,C0018834_heartburn
C0006826_malignant neoplasms,C0028081_night sweat
C0006826_malignant neoplasms,C0205400_thicken
C0006826_malignant neoplasms,C0085593_chill
C0006826_malignant neoplasms,C0029053_decreased translucency
C0006826_malignant neoplasms,C0000737_pain abdominal
C0006826_malignant neoplasms,C0541911_dullness
C0006826_malignant neoplasms,C0149696_food intolerance
C0006826_malignant neoplasms,C0476273_distress respiratory
C0006826_malignant neoplasms,C0020649_hypotension
C1145670_respiratory failure,C0018991_hemiplegia
C1145670_respiratory failure,C0037384_snore
C1145670_respiratory failure,C0241526_unresponsiveness
C1145670_respiratory failure,C0239134_productive cough
C1145670_respiratory failure,C0013404_dyspnea
C1145670_respiratory failure,C0231835_tachypnea
C1145670_respiratory failure,C0020461_hyperkalemia
C1145670_respiratory failure,C0086439_hypokinesia
C1145670_respiratory failure,C0232201_sinus rhythm
C1145670_respiratory failure,C0427108_general unsteadiness
C1145670_respiratory failure,C0006318_bruit
C1145670_respiratory failure,C0239110_consciousness clear
C1145670_respiratory failure,C0392680_shortness of breath
C1145670_respiratory failure,C0221198_lesion
C1145670_respiratory failure,C0332575_redness
C0025202_melanoma,C0577559_mass of body structure
C0025202_melanoma,C0221166_paraparesis
C0025202_melanoma,C0015967_fever
C0025202_melanoma,C0232995_gravida 0
C0025202_melanoma,C0030193_pain
C0025202_melanoma,C0033774_pruritus
C0025202_melanoma,C0024103_mass in breast
C0025202_melanoma,C0042963_vomiting
C0025202_melanoma,C0011991_diarrhea
C0017160_gastroenteritis,C0000737_pain abdominal
C0017160_gastroenteritis,C0476287_breath-holding spell
C0017160_gastroenteritis,C0027497_nausea
C0017160_gastroenteritis,C0043096_decreased body weight
C0017160_gastroenteritis,C0234233_sore to touch
C0017160_gastroenteritis,C0240962_scleral icterus
C0017160_gastroenteritis,C0015967_fever
C0017160_gastroenteritis,C0231528_myalgia
C0017160_gastroenteritis,C0020625_hyponatremia
C0017160_gastroenteritis,C0232602_retch
C0017160_gastroenteritis,C0577559_mass of body structure
C0017160_gastroenteritis,C0043096_decreased body weight
C0242379_malignant neoplasm of lung^C0684249_carcinoma of lung,C0221198_lesion
C0242379_malignant neoplasm of lung^C0684249_carcinoma of lung,C0010200_cough
C0242379_malignant neoplasm of lung^C0684249_carcinoma of lung,C0034079_lung nodule
C0242379_malignant neoplasm of lung^C0684249_carcinoma of lung,C0392680_shortness of breath
C0242379_malignant neoplasm of lung^C0684249_carcinoma of lung,C0019079_haemoptysis
C0242379_malignant neoplasm of lung^C0684249_carcinoma of lung,C0742985_debilitation
C0242379_malignant neoplasm of lung^C0684249_carcinoma of lung,C0232517_gurgle
C0242379_malignant neoplasm of lung^C0684249_carcinoma of lung,C0234238_ache
C0242379_malignant neoplasm of lung^C0684249_carcinoma of lung,C0034642_rale
C0242379_malignant neoplasm of lung^C0684249_carcinoma of lung,C0028081_night sweat
C0242379_malignant neoplasm of lung^C0684249_carcinoma of lung,C0029053_decreased translucency
C0242379_malignant neoplasm of lung^C0684249_carcinoma of lung,C0004093_asthenia
C0242379_malignant neoplasm of lung^C0684249_carcinoma of lung,C1513183_metastatic lesion
C0242379_malignant neoplasm of lung^C0684249_carcinoma of lung,C0085631_agitation
C0242379_malignant neoplasm of lung^C0684249_carcinoma of lung,C0022107_irritable mood
C0024713_manic disorder,C0455769_energy increased
C0024713_manic disorder,C0438696_suicidal
C0024713_manic disorder,C0917799_hypersomnia
C0024713_manic disorder,C0424000_feeling suicidal
C0024713_manic disorder,C0948786_blanch
C0024713_manic disorder,C0233762_hallucinations auditory
C0024713_manic disorder,C0233763_hallucinations visual
C0024713_manic disorder,C0233492_elation
C0024713_manic disorder,C0424068_verbal auditory hallucinations
C0024713_manic disorder,C0150041_feeling hopeless
C0024713_manic disorder,C1299586_difficulty
C0024713_manic disorder,C0231187_decompensation
C0024713_manic disorder,C0558089_verbally abusive behavior
C0024713_manic disorder,C0438696_suicidal
C0024713_manic disorder,C0424000_feeling suicidal
C0031212_personality disorder,C0028084_nightmare
C0031212_personality disorder,C0150041_feeling hopeless
C0031212_personality disorder,C0558141_transsexual
C0031212_personality disorder,C0233762_hallucinations auditory
C0031212_personality disorder,C0022107_irritable mood
C0031212_personality disorder,C0917801_sleeplessness
C0031212_personality disorder,C0085631_agitation
C0031212_personality disorder,C0424109_weepiness
C0031212_personality disorder,C0344315_mood depressed
C0031212_personality disorder,C1384489_scratch marks
C0031212_personality disorder,C0027498_nausea and vomiting
C0031212_personality disorder,C0277794_extreme exhaustion
C0031212_personality disorder,C0748706_side pain
C0031212_personality disorder,C0233481_worry
C0031212_personality disorder,C0014394_enuresis
C0031212_personality disorder,C0237154_homelessness
C0031212_personality disorder,C0027769_nervousness
C0031212_personality disorder,C0003962_ascites
C0031212_personality disorder,C0033774_pruritus
C0019204_primary carcinoma of the liver cells,C0577559_mass of body structure
C0019204_primary carcinoma of the liver cells,C0038002_splenomegaly
C0019204_primary carcinoma of the liver cells,C0221198_lesion
C0019204_primary carcinoma of the liver cells,C0030552_paresis
C0019204_primary carcinoma of the liver cells,C1269955_tumor cell invasion
C0019204_primary carcinoma of the liver cells,C0848277_room spinning
C0019204_primary carcinoma of the liver cells,C0019080_haemorrhage
C0019204_primary carcinoma of the liver cells,C0205400_thicken
C0019204_primary carcinoma of the liver cells,C0085632_indifferent mood
C0019204_primary carcinoma of the liver cells,C0006625_cachexia
C0019204_primary carcinoma of the liver cells,"C0020672_hypothermia, natural"
C0019204_primary carcinoma of the liver cells,C0000737_pain abdominal
C0019204_primary carcinoma of the liver cells,C0019209_hepatomegaly
C0019204_primary carcinoma of the liver cells,C0744727_hematocrit decreased
C0019204_primary carcinoma of the liver cells,C0085628_stupor
C0019204_primary carcinoma of the liver cells,C0043096_decreased body weight
C0019204_primary carcinoma of the liver cells,C0392680_shortness of breath
C0019204_primary carcinoma of the liver cells,C0010200_cough
C0034067_emphysema pulmonary,C0474395_behavior showing increased motor activity
C0034067_emphysema pulmonary,C0241158_scar tissue
C0034067_emphysema pulmonary,C0231807_dyspnea on exertion
C0034067_emphysema pulmonary,C0520966_coordination abnormal
C0034067_emphysema pulmonary,C0231528_myalgia
C0034067_emphysema pulmonary,C0020440_hypercapnia
C0034067_emphysema pulmonary,C0392162_clammy skin
C0034067_emphysema pulmonary,C0557075_has religious belief
C0034067_emphysema pulmonary,C0848277_room spinning
C0034067_emphysema pulmonary,C0859032_moan
C0034067_emphysema pulmonary,C0028081_night sweat
C0034067_emphysema pulmonary,C0006625_cachexia
C0034067_emphysema pulmonary,C0436331_symptom aggravating factors
C0034067_emphysema pulmonary,C0013404_dyspnea
C0034067_emphysema pulmonary,C0034642_rale
C0034067_emphysema pulmonary,C0016382_flushing
C0034067_emphysema pulmonary,C0221150_painful swallowing
C0034067_emphysema pulmonary,C0003862_arthralgia
C0034067_emphysema pulmonary,C0008301_choke
C0034067_emphysema pulmonary,C0232726_tenesmus
C0034067_emphysema pulmonary,C0009806_constipation
C0019112_hemorrhoids,C0019080_haemorrhage
C0019112_hemorrhoids,C0232695_bowel sounds decreased
C0019112_hemorrhoids,C0278014_decreased stool caliber
C0019112_hemorrhoids,C0027498_nausea and vomiting
C0019112_hemorrhoids,C0020175_hunger
C0019112_hemorrhoids,C0011991_diarrhea
C0019112_hemorrhoids,C0012833_dizziness
C0019112_hemorrhoids,C0020625_hyponatremia
C0019112_hemorrhoids,C0009024_clonus
C0019112_hemorrhoids,C0030193_pain
C0019112_hemorrhoids,C1321756_achalasia
C0019112_hemorrhoids,C0085624_burning sensation
C0019112_hemorrhoids,C0744492_guaiac positive
C0019112_hemorrhoids,C0239832_numbness of hand
C0019112_hemorrhoids,C0043144_wheezing
C0019112_hemorrhoids,C0010200_cough
C0006266_spasm bronchial,C0392680_shortness of breath
C0006266_spasm bronchial,C0241158_scar tissue
C0006266_spasm bronchial,C0277797_apyrexial
C0006266_spasm bronchial,C0262581_no known drug allergies
C0006266_spasm bronchial,C0030193_pain
C0006266_spasm bronchial,C0239134_productive cough
C0006266_spasm bronchial,C0242429_throat sore
C0006266_spasm bronchial,C0013404_dyspnea
C0006266_spasm bronchial,C0232292_chest tightness
C0006266_spasm bronchial,C0700292_hypoxemia
C0006266_spasm bronchial,C0231835_tachypnea
C0006266_spasm bronchial,C0234215_sensory discomfort
C0006266_spasm bronchial,C0015967_fever
C0006266_spasm bronchial,C0042963_vomiting
C0006266_spasm bronchial,C0035508_rhonchus
C0006266_spasm bronchial,C0018991_hemiplegia
C0006266_spasm bronchial,C0231890_fremitus
C0003537_aphasia,C0009024_clonus
C0003537_aphasia,C0231872_egophony
C0003537_aphasia,C0427055_facial paresis
C0003537_aphasia,C0221470_aphagia
C0003537_aphasia,C0231530_muscle twitch
C0003537_aphasia,C0522224_paralyse
C0003537_aphasia,C0024031_low back pain
C0003537_aphasia,C0277823_charleyhorse
C0028756_obesity morbid,C0848168_out of breath
C0028756_obesity morbid,C0205254_sedentary
C0028756_obesity morbid,C0002962_angina pectoris
C0028756_obesity morbid,C0010200_cough
C0028756_obesity morbid,C0847488_unhappy
C0028756_obesity morbid,C0553668_labored breathing
C0028756_obesity morbid,"C0020672_hypothermia, natural"
C0028756_obesity morbid,C0013404_dyspnea
C0028756_obesity morbid,C0744727_hematocrit decreased
C0028756_obesity morbid,C0043144_wheezing
C0028756_obesity morbid,C0700292_hypoxemia
C0028756_obesity morbid,C0235634_renal angle tenderness
C0028756_obesity morbid,C0424749_feels hot/feverish
C0034186_pyelonephritis,C0015967_fever
C0034186_pyelonephritis,C0030193_pain
C0034186_pyelonephritis,C0085606_urgency of micturition
C0034186_pyelonephritis,C0018965_hematuria
C0034186_pyelonephritis,C0042963_vomiting
C0034186_pyelonephritis,C0085593_chill
C0034186_pyelonephritis,C0011991_diarrhea
C0034186_pyelonephritis,C0027497_nausea
C0034186_pyelonephritis,C0000737_pain abdominal
C0034186_pyelonephritis,C0231528_myalgia
C0034186_pyelonephritis,C0015967_fever
C0034186_pyelonephritis,C0085593_chill
C0014118_endocarditis,C0008033_pleuritic pain
C0014118_endocarditis,C0205400_thicken
C0014118_endocarditis,C0231528_myalgia
C0014118_endocarditis,C0277797_apyrexial
C0014118_endocarditis,C0028081_night sweat
C0014118_endocarditis,C1517205_flare
C0014118_endocarditis,C0392680_shortness of breath
C0014118_endocarditis,C0085619_orthopnea
C0014118_endocarditis,C0549483_abscess bacterial
C0014118_endocarditis,C0020649_hypotension
C0014118_endocarditis,C0010200_cough
C0014118_endocarditis,C1513183_metastatic lesion
C0014118_endocarditis,C0238844_breath sounds decreased
C0014118_endocarditis,C0043096_decreased body weight
C0014118_endocarditis,
C0014118_endocarditis,C0232118_pulsus paradoxus
C0014118_endocarditis,C0086439_hypokinesia
C0031039_effusion pericardial^C1253937_pericardial effusion body substance,C0232267_pericardial friction rub
C0031039_effusion pericardial^C1253937_pericardial effusion body substance,C0013404_dyspnea
C0031039_effusion pericardial^C1253937_pericardial effusion body substance,C0392680_shortness of breath
C0031039_effusion pericardial^C1253937_pericardial effusion body substance,C0578150_hemodynamically stable
C0031039_effusion pericardial^C1253937_pericardial effusion body substance,C0018800_cardiomegaly
C0031039_effusion pericardial^C1253937_pericardial effusion body substance,C0020649_hypotension
C0031039_effusion pericardial^C1253937_pericardial effusion body substance,C0241235_sputum purulent
C0031039_effusion pericardial^C1253937_pericardial effusion body substance,C0427055_facial paresis
C0031039_effusion pericardial^C1253937_pericardial effusion body substance,C0030193_pain
C0031039_effusion pericardial^C1253937_pericardial effusion body substance,C0028961_oliguria
C0031039_effusion pericardial^C1253937_pericardial effusion body substance,C0312422_blackout
C0031039_effusion pericardial^C1253937_pericardial effusion body substance,C0728899_intoxication
C0001973_chronic alcoholic intoxication,C0040822_tremor
C0001973_chronic alcoholic intoxication,C0233762_hallucinations auditory
C0001973_chronic alcoholic intoxication,C0438696_suicidal
C0001973_chronic alcoholic intoxication,C0424337_hoard
C0001973_chronic alcoholic intoxication,C0022107_irritable mood
C0001973_chronic alcoholic intoxication,C0150041_feeling hopeless
C0001973_chronic alcoholic intoxication,C0424000_feeling suicidal
C0001973_chronic alcoholic intoxication,C0233647_neologism
C0001973_chronic alcoholic intoxication,C0036572_seizure
C0001973_chronic alcoholic intoxication,C0237154_homelessness
C0001973_chronic alcoholic intoxication,C0917801_sleeplessness
C0001973_chronic alcoholic intoxication,C0041657_unconscious state
C0001973_chronic alcoholic intoxication,C0030318_panic
C0001973_chronic alcoholic intoxication,C0238844_breath sounds decreased
C0001973_chronic alcoholic intoxication,C0392680_shortness of breath
C0032326_pneumothorax,C0013404_dyspnea
C0032326_pneumothorax,C0425560_cardiovascular finding^C1320716_cardiovascular event
C0032326_pneumothorax,C0019079_haemoptysis
C0032326_pneumothorax,C0010200_cough
C0032326_pneumothorax,C0020440_hypercapnia
C0032326_pneumothorax,C0037580_soft tissue swelling
C0032326_pneumothorax,C0242453_prostatism
C0032326_pneumothorax,C0085631_agitation
C0011206_delirium,C1273573_unsteady gait
C0011206_delirium,C0424092_withdraw
C0011206_delirium,C0020625_hyponatremia
C0011206_delirium,C0558089_verbally abusive behavior
C0011206_delirium,C0424000_feeling suicidal
C0011206_delirium,C0241526_unresponsiveness
C0011206_delirium,C0233481_worry
C0011206_delirium,C0013144_drowsiness^C0234450_sleepy
C0011206_delirium,C0233762_hallucinations auditory
C0011206_delirium,C0438696_suicidal
C0011206_delirium,C0015967_fever
C0011206_delirium,C0011991_diarrhea
C0027947_neutropenia,C1096646_transaminitis
C0027947_neutropenia,C0038002_splenomegaly
C0027947_neutropenia,C0028081_night sweat
C0027947_neutropenia,C0277797_apyrexial
C0027947_neutropenia,C0221198_lesion
C0027947_neutropenia,C1260880_snuffle
C0027947_neutropenia,C0085593_chill
C0027947_neutropenia,C0010200_cough
C0027947_neutropenia,C0746619_monoclonal
C0027947_neutropenia,C0020598_hypocalcemia result
C0027947_neutropenia,C0028961_oliguria
C0027947_neutropenia,C0427629_rhd positive
C0027947_neutropenia,C0476273_distress respiratory
C0020433_hyperbilirubinemia,C0010520_cyanosis
C0020433_hyperbilirubinemia,C0231835_tachypnea
C0020433_hyperbilirubinemia,C0233070_para 1
C0020433_hyperbilirubinemia,C0428977_bradycardia
C0020433_hyperbilirubinemia,C0006157_breech presentation
C0020433_hyperbilirubinemia,C0332601_cushingoid facies^C0878661_cushingoid habitus
C0020433_hyperbilirubinemia,C0010200_cough
C0020433_hyperbilirubinemia,C0231528_myalgia
C0021400_influenza,C0242143_uncoordination
C0021400_influenza,C0015967_fever
C0021400_influenza,C0008033_pleuritic pain
C0021400_influenza,C1260880_snuffle
C0021400_influenza,C0242429_throat sore
C0021400_influenza,C0231218_malaise
C0021400_influenza,C0742985_debilitation
C0021400_influenza,C0436331_symptom aggravating factors
C0021400_influenza,C0085593_chill
C0021400_influenza,C0240962_scleral icterus
C0021400_influenza,C0277873_nasal flaring
C0021400_influenza,C0013428_dysuria
C0021400_influenza,C0542073_lip smacking
C0021400_influenza,C0018681_headache
C0021400_influenza,C0037383_sneeze
C0021400_influenza,C0037384_snore
C0021400_influenza,C0457097_green sputum
C0021400_influenza,C0392680_shortness of breath
C0021400_influenza,C0476273_distress respiratory
C0021400_influenza,C0312422_blackout
C0021400_influenza,C0277794_extreme exhaustion
C0439857_dependence,C0728899_intoxication
C0439857_dependence,C0040822_tremor
C0439857_dependence,C0085631_agitation
C0439857_dependence,C0438696_suicidal
C0439857_dependence,C0237154_homelessness
C0439857_dependence,C0242453_prostatism
C0439857_dependence,C0023380_lethargy
C0439857_dependence,C0036572_seizure
C0439857_dependence,C0231530_muscle twitch
C0439857_dependence,C0848340_stuffy nose
C0439857_dependence,C0150041_feeling hopeless
C0439857_dependence,C0581911_heavy legs
C0439857_dependence,C0034642_rale
C0087086_thrombus,C0086439_hypokinesia
C0087086_thrombus,C0003123_anorexia
C0087086_thrombus,C0235396_hypertonicity
C0087086_thrombus,C0392680_shortness of breath
C0087086_thrombus,C0239981_hypoalbuminemia
C0087086_thrombus,C0033774_pruritus
C0087086_thrombus,C0234233_sore to touch
C0087086_thrombus,C0578150_hemodynamically stable
C0087086_thrombus,C0427055_facial paresis
C0087086_thrombus,C0042963_vomiting
C0087086_thrombus,C0241252_stool color yellow
C0008325_cholecystitis,C0859032_moan
C0008325_cholecystitis,C0027497_nausea
C0008325_cholecystitis,C0000737_pain abdominal
C0008325_cholecystitis,C0277977_Murphy's sign
C0008325_cholecystitis,C0016204_flatulence
C0008325_cholecystitis,C0232488_colic abdominal
C0008325_cholecystitis,C0030193_pain
C0008325_cholecystitis,C0003962_ascites
C0008325_cholecystitis,C0011991_diarrhea
C0008325_cholecystitis,C0151878_qt interval prolonged
C0008325_cholecystitis,C0425560_cardiovascular finding^C1320716_cardiovascular event
C0008325_cholecystitis,C0541992_groggy
C0008325_cholecystitis,C0232201_sinus rhythm
C0008325_cholecystitis,C0425449_gasping for breath
C0008325_cholecystitis,C0009806_constipation
C0008325_cholecystitis,C0474505_feces in rectum
C0008325_cholecystitis,C0702118_abnormally hard consistency
C0019291_hernia hiatal,C0000737_pain abdominal
C0019291_hernia hiatal,C0231230_fatigability
C0019291_hernia hiatal,C0240805_prodrome
C0019291_hernia hiatal,C0042963_vomiting
C0019291_hernia hiatal,C0027497_nausea
C0019291_hernia hiatal,C0231528_myalgia
C0019291_hernia hiatal,C0020625_hyponatremia
C0019291_hernia hiatal,C0234233_sore to touch
C0019291_hernia hiatal,C0858924_general discomfort
C0019291_hernia hiatal,C0231807_dyspnea on exertion
C0019291_hernia hiatal,C0232766_asterixis
C0019291_hernia hiatal,C0744492_guaiac positive
C0019291_hernia hiatal,C0239832_numbness of hand
C0019291_hernia hiatal,C0018681_headache
C0019291_hernia hiatal,C0085636_photophobia
C0149931_migraine disorders,C0002416_ambidexterity
C0149931_migraine disorders,C0042963_vomiting
C0149931_migraine disorders,C0012833_dizziness
C0149931_migraine disorders,C0028643_numbness
C0149931_migraine disorders,C0027497_nausea
C0149931_migraine disorders,C0015967_fever
C0149931_migraine disorders,C0038002_splenomegaly
C0030312_pancytopenia,C0020639_hypoproteinemia
C0030312_pancytopenia,C0015672_fatigue
C0030312_pancytopenia,C0019080_haemorrhage
C0030312_pancytopenia,C0231230_fatigability
C0030312_pancytopenia,C0332601_cushingoid facies^C0878661_cushingoid habitus
C0030312_pancytopenia,C0241252_stool color yellow
C0030312_pancytopenia,C0232488_colic abdominal
C0008350_cholelithiasis^C0242216_biliary calculus,C0042963_vomiting
C0008350_cholelithiasis^C0242216_biliary calculus,C0027497_nausea
C0008350_cholelithiasis^C0242216_biliary calculus,C0000737_pain abdominal
C0008350_cholelithiasis^C0242216_biliary calculus,C0030193_pain
C0008350_cholelithiasis^C0242216_biliary calculus,C0332601_cushingoid facies^C0878661_cushingoid habitus
C0008350_cholelithiasis^C0242216_biliary calculus,C0003962_ascites
C0008350_cholelithiasis^C0242216_biliary calculus,C0205400_thicken
C0008350_cholelithiasis^C0242216_biliary calculus,C0234233_sore to touch
C0008350_cholelithiasis^C0242216_biliary calculus,C0011991_diarrhea
C0008350_cholelithiasis^C0242216_biliary calculus,C0277797_apyrexial
C0008350_cholelithiasis^C0242216_biliary calculus,C0030252_palpitation
C0039239_tachycardia sinus,C0238705_left atrial hypertrophy
C0039239_tachycardia sinus,C0038990_sweat^C0700590_sweating increased
C0039239_tachycardia sinus,C0556346_alcohol binge episode
C0039239_tachycardia sinus,C0438716_pressure chest
C0039239_tachycardia sinus,C0241158_scar tissue
C0039239_tachycardia sinus,C0425560_cardiovascular finding^C1320716_cardiovascular event
C0039239_tachycardia sinus,C0149746_orthostasis
C0039239_tachycardia sinus,C0392680_shortness of breath
C0039239_tachycardia sinus,C0520888_t wave inverted
C0039239_tachycardia sinus,C0042963_vomiting
C0039239_tachycardia sinus,C0000737_pain abdominal
C1258215_ileus,C0549483_abscess bacterial
C1258215_ileus,C0000727_abdomen acute
C1258215_ileus,C0740844_air fluid level
C1258215_ileus,C0425491_catching breath
C1258215_ileus,C0232498_abdominal tenderness
C1258215_ileus,C0027497_nausea
C1258215_ileus,C0234233_sore to touch
C1258215_ileus,C0016204_flatulence
C1258215_ileus,C0011991_diarrhea
C1258215_ileus,C0577559_mass of body structure
C1258215_ileus,C0277797_apyrexial
C1258215_ileus,C0009806_constipation
C1258215_ileus,C0205400_thicken
C1258215_ileus,C0232995_gravida 0
C1258215_ileus,C0000737_pain abdominal
C0001511_adhesion,C0016204_flatulence
C0001511_adhesion,C0030193_pain
C0001511_adhesion,C0456091_large-for-dates fetus
C0001511_adhesion,C0233070_para 1
C0001511_adhesion,C0042963_vomiting
C0001511_adhesion,C0034079_lung nodule
C0001511_adhesion,C0006157_breech presentation
C0001511_adhesion,C0392680_shortness of breath
C0001511_adhesion,C0043096_decreased body weight
C0001511_adhesion,C0231441_immobile
C0001511_adhesion,C1273573_unsteady gait
C0001511_adhesion,C0233763_hallucinations visual
C0001511_adhesion,C0424000_feeling suicidal
C0011253_delusion,C0240233_loose associations
C0011253_delusion,C0392701_giddy mood
C0011253_delusion,C0150041_feeling hopeless
C0011253_delusion,C0085631_agitation
C0011253_delusion,C0233762_hallucinations auditory
C0011253_delusion,C0022107_irritable mood
C0011253_delusion,C0917801_sleeplessness
C0011253_delusion,C0233647_neologism
C0011253_delusion,C0455204_homicidal thoughts
C0011253_delusion,C0578859_disturbed family
C0011253_delusion,C0233481_worry
C0011253_delusion,C0231187_decompensation
C0011253_delusion,C0558089_verbally abusive behavior
C0011253_delusion,C0007398_catatonia
C0011253_delusion,C0438696_suicidal
C0011253_delusion,C0558261_terrify
C0011253_delusion,C0312422_blackout
C0011253_delusion,C0424109_weepiness
C0011253_delusion,C0338656_impaired cognition
C0011253_delusion,C0022107_irritable mood
C0011253_delusion,C0085631_agitation
C0233472_affect labile,C0277794_extreme exhaustion
C0233472_affect labile,C0917801_sleeplessness
C0233472_affect labile,C0014394_enuresis
C0233472_affect labile,C0376405_patient non compliance
C0233472_affect labile,C0150041_feeling hopeless
C0233472_affect labile,C0233763_hallucinations visual
C0233472_affect labile,C0425251_bedridden^C0741453_bedridden
C0233472_affect labile,C0242453_prostatism
C0011127_decubitus ulcer,C0232257_systolic murmur
C0011127_decubitus ulcer,C0871754_frail
C0011127_decubitus ulcer,C0015967_fever